{"elements":[{"from":[5.714286,5.714286,5.714286],"to":[10.285714,10.285714,10.285714],"rotation":{"angle":0.0,"axis":"y","origin":[8.0,-8.0,8.0]},"faces":{"east":{"uv":[0.0,1.0,1.0,2.0],"rotation":0,"texture":"#0","tintindex":0},"south":{"uv":[3.0,1.0,4.0,2.0],"rotation":0,"texture":"#0","tintindex":0},"north":{"uv":[1.0,1.0,2.0,2.0],"rotation":0,"texture":"#0","tintindex":0},"west":{"uv":[2.0,1.0,3.0,2.0],"rotation":0,"texture":"#0","tintindex":0},"up":{"uv":[2.0,1.0,1.0,0.0],"rotation":0,"texture":"#0","tintindex":0},"down":{"uv":[3.0,0.0,2.0,1.0],"rotation":0,"texture":"#0","tintindex":0}}},{"from":[8.611342,9.811405,5.95464],"to":[10.325628,13.239977,7.668926],"rotation":{"angle":-45.0,"axis":"x","origin":[9.714286,9.771429,6.857143]},"faces":{"east":{"uv":[7.0,0.375,7.375,1.125],"rotation":0,"texture":"#0","tintindex":0},"south":{"uv":[8.125,0.375,8.5,1.125],"rotation":0,"texture":"#0","tintindex":0},"north":{"uv":[7.375,0.375,7.75,1.125],"rotation":0,"texture":"#0","tintindex":0},"west":{"uv":[7.75,0.375,8.125,1.125],"rotation":0,"texture":"#0","tintindex":0},"up":{"uv":[7.75,0.375,7.375,0.0],"rotation":0,"texture":"#0","tintindex":0},"down":{"uv":[8.125,0.0,7.75,0.375],"rotation":0,"texture":"#0","tintindex":0}}},{"from":[10.114286,11.171429,4.9714284],"to":[11.828571,12.314286,8.4],"rotation":{"angle":-22.5,"axis":"z","origin":[10.571428,11.571428,4.285714]},"faces":{"east":{"uv":[6.75,7.25,7.5,7.5],"rotation":0,"texture":"#0","tintindex":0},"south":{"uv":[8.625,7.25,9.0,7.5],"rotation":0,"texture":"#0","tintindex":0},"north":{"uv":[7.5,7.25,7.875,7.5],"rotation":0,"texture":"#0","tintindex":0},"west":{"uv":[7.875,7.25,8.625,7.5],"rotation":0,"texture":"#0","tintindex":0},"up":{"uv":[7.875,7.25,7.5,6.5],"rotation":0,"texture":"#0","tintindex":0},"down":{"uv":[8.25,6.5,7.875,7.25],"rotation":0,"texture":"#0","tintindex":0}}},{"from":[10.342857,11.485714,8.0],"to":[11.485714,11.485714,10.285714],"rotation":{"angle":-22.5,"axis":"z","origin":[10.857143,11.428572,7.428571]},"faces":{"east":{"uv":[1.25,0.5,0.75,0.5],"rotation":0,"texture":"#0","tintindex":0},"south":{"uv":[1.5,0.5,1.25,0.5],"rotation":0,"texture":"#0","tintindex":0},"north":{"uv":[0.75,0.5,0.5,0.5],"rotation":0,"texture":"#0","tintindex":0},"west":{"uv":[0.5,0.5,0.0,0.5],"rotation":0,"texture":"#0","tintindex":0},"up":{"uv":[0.5,0.5,0.75,0.0],"rotation":0,"texture":"#0","tintindex":0},"down":{"uv":[0.75,0.0,1.0,0.5],"rotation":0,"texture":"#0","tintindex":0}}},{"from":[5.6256723,9.566988,5.942965],"to":[7.3399577,12.99556,7.657251],"rotation":{"angle":-45.0,"axis":"x","origin":[6.142857,9.6285715,6.5714283]},"faces":{"east":{"uv":[0.0,6.875,0.375,7.625],"rotation":0,"texture":"#0","tintindex":0},"south":{"uv":[1.125,6.875,1.5,7.625],"rotation":0,"texture":"#0","tintindex":0},"north":{"uv":[0.375,6.875,0.75,7.625],"rotation":0,"texture":"#0","tintindex":0},"west":{"uv":[0.75,6.875,1.125,7.625],"rotation":0,"texture":"#0","tintindex":0},"up":{"uv":[0.75,6.875,0.375,6.5],"rotation":0,"texture":"#0","tintindex":0},"down":{"uv":[1.125,6.5,0.75,6.875],"rotation":0,"texture":"#0","tintindex":0}}},{"from":[4.1714287,11.228572,4.685714],"to":[5.885714,12.371429,8.114285],"rotation":{"angle":22.5,"axis":"z","origin":[5.428571,11.485714,4.8571424]},"faces":{"east":{"uv":[4.0,7.25,4.75,7.5],"rotation":0,"texture":"#0","tintindex":0},"south":{"uv":[5.875,7.25,6.25,7.5],"rotation":0,"texture":"#0","tintindex":0},"north":{"uv":[4.75,7.25,5.125,7.5],"rotation":0,"texture":"#0","tintindex":0},"west":{"uv":[5.125,7.25,5.875,7.5],"rotation":0,"texture":"#0","tintindex":0},"up":{"uv":[5.125,7.25,4.75,6.5],"rotation":0,"texture":"#0","tintindex":0},"down":{"uv":[5.5,6.5,5.125,7.25],"rotation":0,"texture":"#0","tintindex":0}}},{"from":[4.5142856,11.542857,7.714286],"to":[5.6571426,11.542857,10.0],"rotation":{"angle":22.5,"axis":"z","origin":[5.142857,11.485714,7.142857]},"faces":{"east":{"uv":[0.0,1.0,0.5,1.0],"rotation":0,"texture":"#0","tintindex":0},"south":{"uv":[1.25,1.0,1.5,1.0],"rotation":0,"texture":"#0","tintindex":0},"north":{"uv":[0.5,1.0,0.75,1.0],"rotation":0,"texture":"#0","tintindex":0},"west":{"uv":[0.75,1.0,1.25,1.0],"rotation":0,"texture":"#0","tintindex":0},"up":{"uv":[0.75,1.0,0.5,0.5],"rotation":0,"texture":"#0","tintindex":0},"down":{"uv":[1.0,0.5,0.75,1.0],"rotation":0,"texture":"#0","tintindex":0}}}],"textures":{"0":"modelengine:entity/texture"},"display":{"head":{"translation":[0.0,-6.4,0.0],"scale":[4.0,4.0,4.0]}}}