{"elements":[{"from":[6.428571,8.0,6.428571],"to":[9.571428,13.714286,9.571428],"rotation":{"angle":-45.0,"axis":"x","origin":[8.0,8.0,8.0]},"faces":{"east":{"uv":[8.5,2.0,9.125,3.25],"rotation":0,"texture":"#0","tintindex":0},"south":{"uv":[10.375,2.0,11.0,3.25],"rotation":0,"texture":"#0","tintindex":0},"north":{"uv":[9.125,2.0,9.75,3.25],"rotation":0,"texture":"#0","tintindex":0},"west":{"uv":[9.75,2.0,10.375,3.25],"rotation":0,"texture":"#0","tintindex":0},"up":{"uv":[9.75,2.0,9.125,1.375],"rotation":0,"texture":"#0","tintindex":0},"down":{"uv":[10.375,1.375,9.75,2.0],"rotation":0,"texture":"#0","tintindex":0}}}],"textures":{"0":"modelengine:entity/texture"},"display":{"head":{"translation":[0.0,-6.4,0.0],"scale":[4.0,4.0,4.0]}}}