{"elements":[{"from":[6.742857,6.9714284,4.285714],"to":[9.314285,9.428572,8.285714],"rotation":{"angle":0.0,"axis":"y","origin":[8.0,8.0,8.0]},"faces":{"east":{"uv":[11.0,2.75,11.875,3.25],"rotation":0,"texture":"#0","tintindex":0},"south":{"uv":[13.25,2.75,13.75,3.25],"rotation":0,"texture":"#0","tintindex":0},"north":{"uv":[11.875,2.75,12.375,3.25],"rotation":0,"texture":"#0","tintindex":0},"west":{"uv":[12.375,2.75,13.25,3.25],"rotation":0,"texture":"#0","tintindex":0},"up":{"uv":[12.375,2.75,11.875,1.875],"rotation":0,"texture":"#0","tintindex":0},"down":{"uv":[12.875,1.875,12.375,2.75],"rotation":0,"texture":"#0","tintindex":0}}}],"textures":{"0":"modelengine:entity/texture"},"display":{"head":{"translation":[0.0,-6.4,0.0],"scale":[4.0,4.0,4.0]}}}