{"elements":[{"from":[7.139958,7.281274,7.7143936],"to":[8.854243,10.709846,9.428679],"rotation":{"angle":-45.0,"axis":"x","origin":[7.6571426,7.3428574,8.342857]},"faces":{"east":{"uv":[0.0,6.875,0.375,7.625],"rotation":0,"texture":"#0","tintindex":0},"south":{"uv":[1.125,6.875,1.5,7.625],"rotation":0,"texture":"#0","tintindex":0},"north":{"uv":[0.375,6.875,0.75,7.625],"rotation":0,"texture":"#0","tintindex":0},"west":{"uv":[0.75,6.875,1.125,7.625],"rotation":0,"texture":"#0","tintindex":0},"up":{"uv":[0.75,6.875,0.375,6.5],"rotation":0,"texture":"#0","tintindex":0},"down":{"uv":[1.125,6.5,0.75,6.875],"rotation":0,"texture":"#0","tintindex":0}}}],"textures":{"0":"modelengine:entity/texture"},"display":{"head":{"translation":[0.0,-6.4,0.0],"scale":[4.0,4.0,4.0]}}}