{"elements":[{"from":[7.3142858,7.5142856,8.114285],"to":[9.028571,8.657143,11.542857],"rotation":{"angle":22.5,"axis":"z","origin":[8.571428,7.7714286,8.285714]},"faces":{"east":{"uv":[4.0,7.25,4.75,7.5],"rotation":0,"texture":"#0","tintindex":0},"south":{"uv":[5.875,7.25,6.25,7.5],"rotation":0,"texture":"#0","tintindex":0},"north":{"uv":[4.75,7.25,5.125,7.5],"rotation":0,"texture":"#0","tintindex":0},"west":{"uv":[5.125,7.25,5.875,7.5],"rotation":0,"texture":"#0","tintindex":0},"up":{"uv":[5.125,7.25,4.75,6.5],"rotation":0,"texture":"#0","tintindex":0},"down":{"uv":[5.5,6.5,5.125,7.25],"rotation":0,"texture":"#0","tintindex":0}}}],"textures":{"0":"modelengine:entity/texture"},"display":{"head":{"translation":[0.0,-6.4,0.0],"scale":[4.0,4.0,4.0]}}}