{"elements":[{"from":[6.714286,2.2857141,6.714286],"to":[9.285714,6.285714,9.285714],"rotation":{"angle":0.0,"axis":"y","origin":[9.142858,1.1428566,8.0]},"faces":{"east":{"uv":[4.0,8.0,4.5,8.875],"rotation":0,"texture":"#0","tintindex":0},"south":{"uv":[5.5,8.0,6.0,8.875],"rotation":0,"texture":"#0","tintindex":0},"north":{"uv":[4.5,8.0,5.0,8.875],"rotation":0,"texture":"#0","tintindex":0},"west":{"uv":[5.0,8.0,5.5,8.875],"rotation":0,"texture":"#0","tintindex":0},"up":{"uv":[5.0,8.0,4.5,7.5],"rotation":0,"texture":"#0","tintindex":0},"down":{"uv":[5.5,7.5,5.0,8.0],"rotation":0,"texture":"#0","tintindex":0}}}],"textures":{"0":"modelengine:entity/texture"},"display":{"head":{"translation":[0.0,-6.4,0.0],"scale":[4.0,4.0,4.0]}}}