{"elements":[{"from":[6.857143,1.1428566,6.857143],"to":[9.142858,8.0,9.142858],"rotation":{"angle":0.0,"axis":"y","origin":[9.142858,1.1428566,8.0]},"faces":{"east":{"uv":[2.0,6.25,2.5,7.75],"rotation":0,"texture":"#0","tintindex":0},"south":{"uv":[3.5,6.25,4.0,7.75],"rotation":0,"texture":"#0","tintindex":0},"north":{"uv":[2.5,6.25,3.0,7.75],"rotation":0,"texture":"#0","tintindex":0},"west":{"uv":[3.0,6.25,3.5,7.75],"rotation":0,"texture":"#0","tintindex":0},"up":{"uv":[3.0,6.25,2.5,5.75],"rotation":0,"texture":"#0","tintindex":0},"down":{"uv":[3.5,5.75,3.0,6.25],"rotation":0,"texture":"#0","tintindex":0}}}],"textures":{"0":"modelengine:entity/texture"},"display":{"head":{"translation":[0.0,-6.4,0.0],"scale":[4.0,4.0,4.0]}}}