{
    "groups": [{
        "name": "h_chifreB3",
        "color": 0,
        "children": [
            0,
            1
        ],
        "origin": [
            -1.71375,
            19.4225,
            0.4284375
        ]
    }],
    "textures": {"0": "dmodels/bixo5/texture2"},
    "elements": [{
        "name": "chifreB3",
        "from": [
            -0.057125000000000814,
            0.11425000000000163,
            -0.7140625
        ],
        "to": [
            1.0853750000000002,
            0.11425000000000163,
            1.5709375
        ],
        "faces": {
            "west": {
                "uv": [
                    0.75,
                    1,
                    1.25,
                    1
                ],
                "texture": "#0"
            },
            "east": {
                "uv": [
                    0,
                    1,
                    0.5,
                    1
                ],
                "texture": "#0"
            },
            "up": {
                "uv": [
                    0.75,
                    1,
                    0.5,
                    0.5
                ],
                "texture": "#0"
            },
            "south": {
                "uv": [
                    1.25,
                    1,
                    1.5,
                    1
                ],
                "texture": "#0"
            },
            "down": {
                "uv": [
                    1,
                    0.5,
                    0.75,
                    1
                ],
                "texture": "#0"
            },
            "north": {
                "uv": [
                    0.5,
                    1,
                    0.75,
                    1
                ],
                "texture": "#0"
            }
        },
        "rotation": {
            "axis": "z",
            "angle": 22.5,
            "origin": [
                0.57125,
                0.057125000000000814,
                -1.2853125
            ]
        }
    }],
    "display": {"head": {
        "translation": [
            32,
            25,
            32
        ],
        "scale": [
            4,
            4,
            4
        ]
    }}
}