{
    "groups": [{
        "name": "hitbox",
        "color": 0,
        "children": [
            0,
            1
        ],
        "origin": [
            0,
            15.995000000000001,
            0
        ]
    }],
    "textures": {"0": "dmodels/bixo5/texture2"},
    "elements": [{
        "name": "cube",
        "from": [
            -3.4275,
            -15.995000000000001,
            -3.4275
        ],
        "to": [
            3.4275,
            2.285,
            3.4275
        ],
        "faces": {
            "west": {
                "uv": [
                    2.75,
                    12,
                    4.25,
                    16
                ],
                "texture": "#0"
            },
            "east": {
                "uv": [
                    -0.25,
                    12,
                    1.25,
                    16
                ],
                "texture": "#0"
            },
            "up": {
                "uv": [
                    2.75,
                    12,
                    1.25,
                    10.5
                ],
                "texture": "#0"
            },
            "south": {
                "uv": [
                    4.25,
                    12,
                    5.75,
                    16
                ],
                "texture": "#0"
            },
            "down": {
                "uv": [
                    4.25,
                    10.5,
                    2.75,
                    12
                ],
                "texture": "#0"
            },
            "north": {
                "uv": [
                    1.25,
                    12,
                    2.75,
                    16
                ],
                "texture": "#0"
            }
        },
        "rotation": {
            "axis": "y",
            "angle": 0,
            "origin": [
                0,
                0,
                0
            ]
        }
    }],
    "display": {"head": {
        "translation": [
            32,
            25,
            32
        ],
        "scale": [
            4,
            4,
            4
        ]
    }}
}