{"elements":[{"from":[6.857143,2.2857141,5.714286],"to":[9.142858,9.142858,8.0],"rotation":{"angle":-45.0,"axis":"y","origin":[8.0,8.0,8.0]},"faces":{"east":{"uv":[0.0,5.0,0.5,6.5],"rotation":0,"texture":"#0","tintindex":0},"south":{"uv":[1.5,5.0,2.0,6.5],"rotation":0,"texture":"#0","tintindex":0},"north":{"uv":[0.5,5.0,1.0,6.5],"rotation":0,"texture":"#0","tintindex":0},"west":{"uv":[1.0,5.0,1.5,6.5],"rotation":0,"texture":"#0","tintindex":0},"up":{"uv":[1.0,5.0,0.5,4.5],"rotation":0,"texture":"#0","tintindex":0},"down":{"uv":[1.5,4.5,1.0,5.0],"rotation":0,"texture":"#0","tintindex":0}}},{"from":[7.885714,3.4285712,6.742857],"to":[10.457143,7.428571,9.314285],"rotation":{"angle":0.0,"axis":"y","origin":[5.714286,-4.5714293,8.0]},"faces":{"east":{"uv":[6.0,3.875,6.5,4.75],"rotation":0,"texture":"#0","tintindex":0},"south":{"uv":[7.5,3.875,8.0,4.75],"rotation":0,"texture":"#0","tintindex":0},"north":{"uv":[6.5,3.875,7.0,4.75],"rotation":0,"texture":"#0","tintindex":0},"west":{"uv":[7.0,3.875,7.5,4.75],"rotation":0,"texture":"#0","tintindex":0},"up":{"uv":[7.0,3.875,6.5,3.375],"rotation":0,"texture":"#0","tintindex":0},"down":{"uv":[7.5,3.375,7.0,3.875],"rotation":0,"texture":"#0","tintindex":0}}},{"from":[7.8285713,0.0,6.6857142],"to":[10.514286,4.0,9.3714285],"rotation":{"angle":22.5,"axis":"x","origin":[9.142858,3.4285712,8.0]},"faces":{"east":{"uv":[8.5,0.5,9.0,1.375],"rotation":0,"texture":"#0","tintindex":0},"south":{"uv":[10.0,0.5,10.5,1.375],"rotation":0,"texture":"#0","tintindex":0},"north":{"uv":[9.0,0.5,9.5,1.375],"rotation":0,"texture":"#0","tintindex":0},"west":{"uv":[9.5,0.5,10.0,1.375],"rotation":0,"texture":"#0","tintindex":0},"up":{"uv":[9.5,0.5,9.0,0.0],"rotation":0,"texture":"#0","tintindex":0},"down":{"uv":[10.0,0.0,9.5,0.5],"rotation":0,"texture":"#0","tintindex":0}}},{"from":[7.8285713,-2.8571434,9.257143],"to":[10.514286,1.1428566,11.942858],"rotation":{"angle":45.0,"axis":"x","origin":[9.142858,3.4285712,8.571428]},"faces":{"east":{"uv":[8.5,0.5,9.0,1.375],"rotation":0,"texture":"#0","tintindex":0},"south":{"uv":[10.0,0.5,10.5,1.375],"rotation":0,"texture":"#0","tintindex":0},"north":{"uv":[9.0,0.5,9.5,1.375],"rotation":0,"texture":"#0","tintindex":0},"west":{"uv":[9.5,0.5,10.0,1.375],"rotation":0,"texture":"#0","tintindex":0},"up":{"uv":[9.5,0.5,9.0,0.0],"rotation":0,"texture":"#0","tintindex":0},"down":{"uv":[10.0,0.0,9.5,0.5],"rotation":0,"texture":"#0","tintindex":0}}},{"from":[7.5714283,-4.5714293,1.8571424],"to":[10.714286,1.1428566,5.0],"rotation":{"angle":45.0,"axis":"x","origin":[9.142858,1.1428566,3.4285712]},"faces":{"east":{"uv":[8.5,2.0,9.125,3.25],"rotation":0,"texture":"#0","tintindex":0},"south":{"uv":[10.375,2.0,11.0,3.25],"rotation":0,"texture":"#0","tintindex":0},"north":{"uv":[9.125,2.0,9.75,3.25],"rotation":0,"texture":"#0","tintindex":0},"west":{"uv":[9.75,2.0,10.375,3.25],"rotation":0,"texture":"#0","tintindex":0},"up":{"uv":[9.75,2.0,9.125,1.375],"rotation":0,"texture":"#0","tintindex":0},"down":{"uv":[10.375,1.375,9.75,2.0],"rotation":0,"texture":"#0","tintindex":0}}}],"textures":{"0":"modelengine:entity/texture"},"display":{"head":{"translation":[0.0,-6.4,0.0],"scale":[4.0,4.0,4.0]}}}