{"elements":[{"from":[5.714286,8.0,5.714286],"to":[10.285714,12.571428,10.285714],"rotation":{"angle":0.0,"axis":"y","origin":[8.0,-5.714287,8.0]},"faces":{"east":{"uv":[0.0,1.0,1.0,2.0],"rotation":0,"texture":"#0","tintindex":0},"south":{"uv":[3.0,1.0,4.0,2.0],"rotation":0,"texture":"#0","tintindex":0},"north":{"uv":[1.0,1.0,2.0,2.0],"rotation":0,"texture":"#0","tintindex":0},"west":{"uv":[2.0,1.0,3.0,2.0],"rotation":0,"texture":"#0","tintindex":0},"up":{"uv":[2.0,1.0,1.0,0.0],"rotation":0,"texture":"#0","tintindex":0},"down":{"uv":[3.0,0.0,2.0,1.0],"rotation":0,"texture":"#0","tintindex":0}}},{"from":[9.142858,9.428572,6.285714],"to":[10.857143,12.857143,8.0],"rotation":{"angle":-22.5,"axis":"x","origin":[8.571428,10.571428,4.0]},"faces":{"east":{"uv":[7.0,0.375,7.375,1.125],"rotation":0,"texture":"#0","tintindex":0},"south":{"uv":[8.125,0.375,8.5,1.125],"rotation":0,"texture":"#0","tintindex":0},"north":{"uv":[7.375,0.375,7.75,1.125],"rotation":0,"texture":"#0","tintindex":0},"west":{"uv":[7.75,0.375,8.125,1.125],"rotation":0,"texture":"#0","tintindex":0},"up":{"uv":[7.75,0.375,7.375,0.0],"rotation":0,"texture":"#0","tintindex":0},"down":{"uv":[8.125,0.0,7.75,0.375],"rotation":0,"texture":"#0","tintindex":0}}},{"from":[9.828571,13.314286,5.8285713],"to":[11.542857,14.457144,9.257143],"rotation":{"angle":0.0,"axis":"z","origin":[10.285714,13.714286,5.142857]},"faces":{"east":{"uv":[6.75,7.25,7.5,7.5],"rotation":0,"texture":"#0","tintindex":0},"south":{"uv":[8.625,7.25,9.0,7.5],"rotation":0,"texture":"#0","tintindex":0},"north":{"uv":[7.5,7.25,7.875,7.5],"rotation":0,"texture":"#0","tintindex":0},"west":{"uv":[7.875,7.25,8.625,7.5],"rotation":0,"texture":"#0","tintindex":0},"up":{"uv":[7.875,7.25,7.5,6.5],"rotation":0,"texture":"#0","tintindex":0},"down":{"uv":[8.25,6.5,7.875,7.25],"rotation":0,"texture":"#0","tintindex":0}}},{"from":[9.771429,14.342857,8.571428],"to":[10.914286,14.342857,10.857143],"rotation":{"angle":0.0,"axis":"y","origin":[10.285714,14.285715,8.0]},"faces":{"east":{"uv":[1.25,0.5,0.75,0.5],"rotation":0,"texture":"#0","tintindex":0},"south":{"uv":[1.5,0.5,1.25,0.5],"rotation":0,"texture":"#0","tintindex":0},"north":{"uv":[0.75,0.5,0.5,0.5],"rotation":0,"texture":"#0","tintindex":0},"west":{"uv":[0.5,0.5,0.0,0.5],"rotation":0,"texture":"#0","tintindex":0},"up":{"uv":[0.5,0.5,0.75,0.0],"rotation":0,"texture":"#0","tintindex":0},"down":{"uv":[0.75,0.0,1.0,0.5],"rotation":0,"texture":"#0","tintindex":0}}},{"from":[5.142857,9.428572,6.285714],"to":[6.857143,12.857143,8.0],"rotation":{"angle":-22.5,"axis":"x","origin":[7.428571,10.571428,4.0]},"faces":{"east":{"uv":[0.0,6.875,0.375,7.625],"rotation":0,"texture":"#0","tintindex":0},"south":{"uv":[1.125,6.875,1.5,7.625],"rotation":0,"texture":"#0","tintindex":0},"north":{"uv":[0.375,6.875,0.75,7.625],"rotation":0,"texture":"#0","tintindex":0},"west":{"uv":[0.75,6.875,1.125,7.625],"rotation":0,"texture":"#0","tintindex":0},"up":{"uv":[0.75,6.875,0.375,6.5],"rotation":0,"texture":"#0","tintindex":0},"down":{"uv":[1.125,6.5,0.75,6.875],"rotation":0,"texture":"#0","tintindex":0}}},{"from":[4.457143,13.314286,5.8285713],"to":[6.1714287,14.457144,9.257143],"rotation":{"angle":0.0,"axis":"z","origin":[5.714286,13.714286,5.142857]},"faces":{"east":{"uv":[4.0,7.25,4.75,7.5],"rotation":0,"texture":"#0","tintindex":0},"south":{"uv":[5.875,7.25,6.25,7.5],"rotation":0,"texture":"#0","tintindex":0},"north":{"uv":[4.75,7.25,5.125,7.5],"rotation":0,"texture":"#0","tintindex":0},"west":{"uv":[5.125,7.25,5.875,7.5],"rotation":0,"texture":"#0","tintindex":0},"up":{"uv":[5.125,7.25,4.75,6.5],"rotation":0,"texture":"#0","tintindex":0},"down":{"uv":[5.5,6.5,5.125,7.25],"rotation":0,"texture":"#0","tintindex":0}}},{"from":[5.0857143,14.342857,8.571428],"to":[6.2285714,14.342857,10.857143],"rotation":{"angle":0.0,"axis":"y","origin":[5.714286,14.285715,8.0]},"faces":{"east":{"uv":[0.0,1.0,0.5,1.0],"rotation":0,"texture":"#0","tintindex":0},"south":{"uv":[1.25,1.0,1.5,1.0],"rotation":0,"texture":"#0","tintindex":0},"north":{"uv":[0.5,1.0,0.75,1.0],"rotation":0,"texture":"#0","tintindex":0},"west":{"uv":[0.75,1.0,1.25,1.0],"rotation":0,"texture":"#0","tintindex":0},"up":{"uv":[0.75,1.0,0.5,0.5],"rotation":0,"texture":"#0","tintindex":0},"down":{"uv":[1.0,0.5,0.75,1.0],"rotation":0,"texture":"#0","tintindex":0}}}],"textures":{"0":"modelengine:entity/texture"},"display":{"head":{"translation":[0.0,-6.4,0.0],"scale":[4.0,4.0,4.0]}}}