{"elements":[{"from":[8.0,1.1428566,8.0],"to":[10.285714,8.0,10.285714],"rotation":{"angle":-45.0,"axis":"y","origin":[9.142858,1.1428566,8.0]},"faces":{"east":{"uv":[2.0,6.25,2.5,7.75],"rotation":0,"texture":"#0","tintindex":0},"south":{"uv":[3.5,6.25,4.0,7.75],"rotation":0,"texture":"#0","tintindex":0},"north":{"uv":[2.5,6.25,3.0,7.75],"rotation":0,"texture":"#0","tintindex":0},"west":{"uv":[3.0,6.25,3.5,7.75],"rotation":0,"texture":"#0","tintindex":0},"up":{"uv":[3.0,6.25,2.5,5.75],"rotation":0,"texture":"#0","tintindex":0},"down":{"uv":[3.5,5.75,3.0,6.25],"rotation":0,"texture":"#0","tintindex":0}}},{"from":[6.714286,2.2857141,6.714286],"to":[9.285714,6.285714,9.285714],"rotation":{"angle":0.0,"axis":"y","origin":[9.142858,1.1428566,8.0]},"faces":{"east":{"uv":[4.0,8.0,4.5,8.875],"rotation":0,"texture":"#0","tintindex":0},"south":{"uv":[5.5,8.0,6.0,8.875],"rotation":0,"texture":"#0","tintindex":0},"north":{"uv":[4.5,8.0,5.0,8.875],"rotation":0,"texture":"#0","tintindex":0},"west":{"uv":[5.0,8.0,5.5,8.875],"rotation":0,"texture":"#0","tintindex":0},"up":{"uv":[5.0,8.0,4.5,7.5],"rotation":0,"texture":"#0","tintindex":0},"down":{"uv":[5.5,7.5,5.0,8.0],"rotation":0,"texture":"#0","tintindex":0}}}],"textures":{"0":"modelengine:entity/texture"},"display":{"head":{"translation":[0.0,-6.4,0.0],"scale":[4.0,4.0,4.0]}}}