{
    "groups": [{
        "name": "bracoesquerdo_auto_bracoesquerdo1",
        "color": 0,
        "children": [
            0,
            1
        ],
        "origin": [
            -2.285,
            12.5675,
            0
        ]
    }],
    "textures": {"0": "dmodels/bixo/texture"},
    "elements": [{
        "name": "bracoesquerdo1",
        "from": [
            -1.1425,
            -5.7125,
            0
        ],
        "to": [
            1.1425,
            1.1425,
            2.285
        ],
        "faces": {
            "west": {
                "uv": [
                    6,
                    0.5,
                    6.5,
                    2
                ],
                "texture": "#0"
            },
            "east": {
                "uv": [
                    5,
                    0.5,
                    5.5,
                    2
                ],
                "texture": "#0"
            },
            "up": {
                "uv": [
                    6,
                    0.5,
                    5.5,
                    0
                ],
                "texture": "#0"
            },
            "south": {
                "uv": [
                    6.5,
                    0.5,
                    7,
                    2
                ],
                "texture": "#0"
            },
            "down": {
                "uv": [
                    6.5,
                    0,
                    6,
                    0.5
                ],
                "texture": "#0"
            },
            "north": {
                "uv": [
                    5.5,
                    0.5,
                    6,
                    2
                ],
                "texture": "#0"
            }
        },
        "rotation": {
            "axis": "y",
            "angle": 0,
            "origin": [
                2.285,
                -12.5675,
                0
            ]
        }
    }],
    "display": {"head": {
        "translation": [
            32,
            25,
            32
        ],
        "scale": [
            4,
            4,
            4
        ]
    }}
}