{
    "groups": [{
        "name": "bracodireito_auto_bracoaqua2",
        "color": 0,
        "children": [
            0,
            1
        ],
        "origin": [
            3.4275,
            5.7125,
            -4.57
        ]
    }],
    "textures": {"0": "dmodels/bixo/texture"},
    "elements": [{
        "name": "bracoaqua2",
        "from": [
            -1.5709375,
            -5.712499999999998,
            -1.5709375000000083
        ],
        "to": [
            1.5709375,
            4.0589753780295726E-15,
            1.5709374999999919
        ],
        "faces": {
            "west": {
                "uv": [
                    9.75,
                    2,
                    10.375,
                    3.25
                ],
                "texture": "#0"
            },
            "east": {
                "uv": [
                    8.5,
                    2,
                    9.125,
                    3.25
                ],
                "texture": "#0"
            },
            "up": {
                "uv": [
                    9.75,
                    2,
                    9.125,
                    1.375
                ],
                "texture": "#0"
            },
            "south": {
                "uv": [
                    10.375,
                    2,
                    11,
                    3.25
                ],
                "texture": "#0"
            },
            "down": {
                "uv": [
                    10.375,
                    1.375,
                    9.75,
                    2
                ],
                "texture": "#0"
            },
            "north": {
                "uv": [
                    9.125,
                    2,
                    9.75,
                    3.25
                ],
                "texture": "#0"
            }
        },
        "rotation": {
            "axis": "y",
            "angle": 0,
            "origin": [
                -3.4275,
                -5.7125,
                4.57
            ]
        }
    }],
    "display": {"head": {
        "translation": [
            32,
            25,
            32
        ],
        "scale": [
            4,
            4,
            4
        ]
    }}
}