{
    "groups": [{
        "name": "bracodireito_auto_bracodireito1",
        "color": 0,
        "children": [
            0,
            1
        ],
        "origin": [
            2.285,
            12.5675,
            0
        ]
    }],
    "textures": {"0": "dmodels/bixo/texture"},
    "elements": [{
        "name": "bracodireito1",
        "from": [
            -1.1425000000000005,
            -5.7125,
            -2.285
        ],
        "to": [
            1.1425,
            1.1425,
            0
        ],
        "faces": {
            "west": {
                "uv": [
                    1,
                    5,
                    1.5,
                    6.5
                ],
                "texture": "#0"
            },
            "east": {
                "uv": [
                    0,
                    5,
                    0.5,
                    6.5
                ],
                "texture": "#0"
            },
            "up": {
                "uv": [
                    1,
                    5,
                    0.5,
                    4.5
                ],
                "texture": "#0"
            },
            "south": {
                "uv": [
                    1.5,
                    5,
                    2,
                    6.5
                ],
                "texture": "#0"
            },
            "down": {
                "uv": [
                    1.5,
                    4.5,
                    1,
                    5
                ],
                "texture": "#0"
            },
            "north": {
                "uv": [
                    0.5,
                    5,
                    1,
                    6.5
                ],
                "texture": "#0"
            }
        },
        "rotation": {
            "axis": "y",
            "angle": 0,
            "origin": [
                -2.285,
                -12.5675,
                0
            ]
        }
    }],
    "display": {"head": {
        "translation": [
            32,
            25,
            32
        ],
        "scale": [
            4,
            4,
            4
        ]
    }}
}