{
    "groups": [{
        "name": "bracoesquerdo",
        "color": 0,
        "children": [
            0,
            1
        ],
        "origin": [
            -2.285,
            12.5675,
            0
        ]
    }],
    "textures": {"0": "dmodels/bixo/texture"},
    "elements": [{
        "name": "bracoesquerdo2",
        "from": [
            -2.4563749999999995,
            -4.57,
            -1.2567500000000003
        ],
        "to": [
            0.1142499999999996,
            -0.57125,
            1.313875
        ],
        "faces": {
            "west": {
                "uv": [
                    7,
                    2.5,
                    7.5,
                    3.375
                ],
                "texture": "#0"
            },
            "east": {
                "uv": [
                    6,
                    2.5,
                    6.5,
                    3.375
                ],
                "texture": "#0"
            },
            "up": {
                "uv": [
                    7,
                    2.5,
                    6.5,
                    2
                ],
                "texture": "#0"
            },
            "south": {
                "uv": [
                    7.5,
                    2.5,
                    8,
                    3.375
                ],
                "texture": "#0"
            },
            "down": {
                "uv": [
                    7.5,
                    2,
                    7,
                    2.5
                ],
                "texture": "#0"
            },
            "north": {
                "uv": [
                    6.5,
                    2.5,
                    7,
                    3.375
                ],
                "texture": "#0"
            }
        },
        "rotation": {
            "axis": "y",
            "angle": 0,
            "origin": [
                2.285,
                -12.5675,
                0
            ]
        }
    }],
    "display": {"head": {
        "translation": [
            32,
            25,
            32
        ],
        "scale": [
            4,
            4,
            4
        ]
    }}
}