{
    "groups": [{
        "name": "cabeca_auto_chifreA3",
        "color": 0,
        "children": [
            0,
            1
        ],
        "origin": [
            2.285,
            19.993750000000002,
            0
        ]
    }],
    "textures": {"0": "dmodels/bixo/texture"},
    "elements": [{
        "name": "chifreA3",
        "from": [
            -0.5141250000000003,
            0.057125000000000814,
            0.57125
        ],
        "to": [
            0.6283750000000009,
            0.057125000000000814,
            2.85625
        ],
        "faces": {
            "west": {
                "uv": [
                    0.5,
                    0.5,
                    0,
                    0.5
                ],
                "texture": "#0"
            },
            "east": {
                "uv": [
                    1.25,
                    0.5,
                    0.75,
                    0.5
                ],
                "texture": "#0"
            },
            "up": {
                "uv": [
                    0.5,
                    0.5,
                    0.75,
                    0
                ],
                "texture": "#0"
            },
            "south": {
                "uv": [
                    1.5,
                    0.5,
                    1.25,
                    0.5
                ],
                "texture": "#0"
            },
            "down": {
                "uv": [
                    0.75,
                    0,
                    1,
                    0.5
                ],
                "texture": "#0"
            },
            "north": {
                "uv": [
                    0.75,
                    0.5,
                    0.5,
                    0.5
                ],
                "texture": "#0"
            }
        },
        "rotation": {
            "axis": "y",
            "angle": 0,
            "origin": [
                -2.285,
                -19.993750000000002,
                0
            ]
        }
    }],
    "display": {"head": {
        "translation": [
            32,
            25,
            32
        ],
        "scale": [
            4,
            4,
            4
        ]
    }}
}