{
    "groups": [{
        "name": "cabeca_auto_chifreB1",
        "color": 0,
        "children": [
            0,
            1
        ],
        "origin": [
            -0.57125,
            16.280625000000015,
            -3.9987500000000002
        ]
    }],
    "textures": {"0": "dmodels/bixo/texture"},
    "elements": [{
        "name": "chifreB1",
        "from": [
            -2.285,
            -1.1425,
            2.285
        ],
        "to": [
            -0.57125,
            2.285,
            3.9987500000000002
        ],
        "faces": {
            "west": {
                "uv": [
                    0.75,
                    6.875,
                    1.125,
                    7.625
                ],
                "texture": "#0"
            },
            "east": {
                "uv": [
                    0,
                    6.875,
                    0.375,
                    7.625
                ],
                "texture": "#0"
            },
            "up": {
                "uv": [
                    0.75,
                    6.875,
                    0.375,
                    6.5
                ],
                "texture": "#0"
            },
            "south": {
                "uv": [
                    1.125,
                    6.875,
                    1.5,
                    7.625
                ],
                "texture": "#0"
            },
            "down": {
                "uv": [
                    1.125,
                    6.5,
                    0.75,
                    6.875
                ],
                "texture": "#0"
            },
            "north": {
                "uv": [
                    0.375,
                    6.875,
                    0.75,
                    7.625
                ],
                "texture": "#0"
            }
        },
        "rotation": {
            "axis": "y",
            "angle": 0,
            "origin": [
                0.57125,
                -16.280625000000015,
                3.9987500000000002
            ]
        }
    }],
    "display": {"head": {
        "translation": [
            32,
            25,
            32
        ],
        "scale": [
            4,
            4,
            4
        ]
    }}
}