{
    "groups": [{
        "name": "cabeca_auto_chifreA2",
        "color": 0,
        "children": [
            0,
            1
        ],
        "origin": [
            2.285,
            19.4225,
            -2.85625
        ]
    }],
    "textures": {"0": "dmodels/bixo/texture"},
    "elements": [{
        "name": "chifreA2",
        "from": [
            -0.4569999999999999,
            -0.3998749999999976,
            0.6854999999999997
        ],
        "to": [
            1.2567500000000003,
            0.7426250000000025,
            4.1129999999999995
        ],
        "faces": {
            "west": {
                "uv": [
                    7.875,
                    7.25,
                    8.625,
                    7.5
                ],
                "texture": "#0"
            },
            "east": {
                "uv": [
                    6.75,
                    7.25,
                    7.5,
                    7.5
                ],
                "texture": "#0"
            },
            "up": {
                "uv": [
                    7.875,
                    7.25,
                    7.5,
                    6.5
                ],
                "texture": "#0"
            },
            "south": {
                "uv": [
                    8.625,
                    7.25,
                    9,
                    7.5
                ],
                "texture": "#0"
            },
            "down": {
                "uv": [
                    8.25,
                    6.5,
                    7.875,
                    7.25
                ],
                "texture": "#0"
            },
            "north": {
                "uv": [
                    7.5,
                    7.25,
                    7.875,
                    7.5
                ],
                "texture": "#0"
            }
        },
        "rotation": {
            "axis": "y",
            "angle": 0,
            "origin": [
                -2.285,
                -19.4225,
                2.85625
            ]
        }
    }],
    "display": {"head": {
        "translation": [
            32,
            25,
            32
        ],
        "scale": [
            4,
            4,
            4
        ]
    }}
}