{
    "groups": [{
        "name": "cabeca_auto_chifreA1",
        "color": 0,
        "children": [
            0,
            1
        ],
        "origin": [
            0.57125,
            16.280625000000015,
            -3.9987500000000002
        ]
    }],
    "textures": {"0": "dmodels/bixo/texture"},
    "elements": [{
        "name": "chifreA1",
        "from": [
            0.57125,
            -1.1425,
            2.285
        ],
        "to": [
            2.285,
            2.285,
            3.9987500000000002
        ],
        "faces": {
            "west": {
                "uv": [
                    7.75,
                    0.375,
                    8.125,
                    1.125
                ],
                "texture": "#0"
            },
            "east": {
                "uv": [
                    7,
                    0.375,
                    7.375,
                    1.125
                ],
                "texture": "#0"
            },
            "up": {
                "uv": [
                    7.75,
                    0.375,
                    7.375,
                    0
                ],
                "texture": "#0"
            },
            "south": {
                "uv": [
                    8.125,
                    0.375,
                    8.5,
                    1.125
                ],
                "texture": "#0"
            },
            "down": {
                "uv": [
                    8.125,
                    0,
                    7.75,
                    0.375
                ],
                "texture": "#0"
            },
            "north": {
                "uv": [
                    7.375,
                    0.375,
                    7.75,
                    1.125
                ],
                "texture": "#0"
            }
        },
        "rotation": {
            "axis": "y",
            "angle": 0,
            "origin": [
                -0.57125,
                -16.280625000000015,
                3.9987500000000002
            ]
        }
    }],
    "display": {"head": {
        "translation": [
            32,
            25,
            32
        ],
        "scale": [
            4,
            4,
            4
        ]
    }}
}