{
    "groups": [{
        "name": "pernadireita",
        "color": 0,
        "children": [
            0,
            1
        ],
        "origin": [
            1.1425,
            6.855,
            0
        ]
    }],
    "textures": {"0": "dmodels/bixo/texture"},
    "elements": [{
        "name": "pernadireita2",
        "from": [
            -1.2853125,
            -5.7125,
            -1.2853125
        ],
        "to": [
            1.2853125,
            -1.71375,
            1.2853125
        ],
        "faces": {
            "west": {
                "uv": [
                    3,
                    8.25,
                    3.5,
                    9.125
                ],
                "texture": "#0"
            },
            "east": {
                "uv": [
                    2,
                    8.25,
                    2.5,
                    9.125
                ],
                "texture": "#0"
            },
            "up": {
                "uv": [
                    3,
                    8.25,
                    2.5,
                    7.75
                ],
                "texture": "#0"
            },
            "south": {
                "uv": [
                    3.5,
                    8.25,
                    4,
                    9.125
                ],
                "texture": "#0"
            },
            "down": {
                "uv": [
                    3.5,
                    7.75,
                    3,
                    8.25
                ],
                "texture": "#0"
            },
            "north": {
                "uv": [
                    2.5,
                    8.25,
                    3,
                    9.125
                ],
                "texture": "#0"
            }
        },
        "rotation": {
            "axis": "y",
            "angle": 0,
            "origin": [
                -1.1425,
                -6.855,
                0
            ]
        }
    }],
    "display": {"head": {
        "translation": [
            32,
            25,
            32
        ],
        "scale": [
            4,
            4,
            4
        ]
    }}
}