{
    "groups": [{
        "name": "tronco",
        "color": 0,
        "children": [
            0,
            1
        ],
        "origin": [
            0,
            6.855,
            0
        ]
    }],
    "textures": {"0": "dmodels/bixo/texture"},
    "elements": [{
        "name": "tronco2",
        "from": [
            -2.4563749999999995,
            -1.1425,
            -1.2567500000000003
        ],
        "to": [
            2.4563750000000004,
            6.855,
            1.313875
        ],
        "faces": {
            "west": {
                "uv": [
                    4.5,
                    4,
                    5,
                    5.75
                ],
                "texture": "#0"
            },
            "east": {
                "uv": [
                    3,
                    4,
                    3.5,
                    5.75
                ],
                "texture": "#0"
            },
            "up": {
                "uv": [
                    4.5,
                    4,
                    3.5,
                    3.5
                ],
                "texture": "#0"
            },
            "south": {
                "uv": [
                    5,
                    4,
                    6,
                    5.75
                ],
                "texture": "#0"
            },
            "down": {
                "uv": [
                    5.5,
                    3.5,
                    4.5,
                    4
                ],
                "texture": "#0"
            },
            "north": {
                "uv": [
                    3.5,
                    4,
                    4.5,
                    5.75
                ],
                "texture": "#0"
            }
        },
        "rotation": {
            "axis": "y",
            "angle": 0,
            "origin": [
                0,
                -6.855,
                0
            ]
        }
    }],
    "display": {"head": {
        "translation": [
            32,
            25,
            32
        ],
        "scale": [
            4,
            4,
            4
        ]
    }}
}