{"textures":{"0":"modelengine:entity/reibarro"},"elements":[{"from":[5.714286,14.857143,6.285714],"to":[10.285714,21.714287,9.714286],"rotation":{"angle":0.0,"axis":"y","origin":[8.0,8.0,8.0]},"faces":{"east":{"uv":[1.0,1.625,1.375,2.375],"rotation":0,"texture":"#0","tintindex":0},"south":{"uv":[2.25,1.625,2.75,2.375],"rotation":0,"texture":"#0","tintindex":0},"north":{"uv":[1.375,1.625,1.875,2.375],"rotation":0,"texture":"#0","tintindex":0},"west":{"uv":[1.875,1.625,2.25,2.375],"rotation":0,"texture":"#0","tintindex":0},"up":{"uv":[1.875,1.625,1.375,1.25],"rotation":0,"texture":"#0","tintindex":0},"down":{"uv":[2.375,1.25,1.875,1.625],"rotation":0,"texture":"#0","tintindex":0}}},{"from":[5.428571,11.142858,6.0],"to":[10.571428,22.0,10.0],"rotation":{"angle":0.0,"axis":"y","origin":[8.0,8.0,8.0]},"faces":{"east":{"uv":[0.0,2.75,0.375,3.875],"rotation":0,"texture":"#0","tintindex":0},"south":{"uv":[1.25,2.75,1.75,3.875],"rotation":0,"texture":"#0","tintindex":0},"north":{"uv":[0.375,2.75,0.875,3.875],"rotation":0,"texture":"#0","tintindex":0},"west":{"uv":[0.875,2.75,1.25,3.875],"rotation":0,"texture":"#0","tintindex":0},"up":{"uv":[0.875,2.75,0.375,2.375],"rotation":0,"texture":"#0","tintindex":0},"down":{"uv":[1.375,2.375,0.875,2.75],"rotation":0,"texture":"#0","tintindex":0}}}],"display":{"head":{"translation":[0.0,-6.4,0.0],"scale":[4.0,4.0,4.0]}}}