{"textures":{"0":"modelengine:entity/reibarro"},"elements":[{"from":[3.4285712,6.0,6.0],"to":[12.571428,10.0,10.0],"rotation":{"angle":0.0,"axis":"y","origin":[8.0,8.0,8.0]},"faces":{"east":{"uv":[3.125,6.125,3.5625,6.5625],"rotation":0,"texture":"#0","tintindex":0},"south":{"uv":[5.0,6.125,6.0,6.5625],"rotation":0,"texture":"#0","tintindex":0},"north":{"uv":[3.5625,6.125,4.5625,6.5625],"rotation":0,"texture":"#0","tintindex":0},"west":{"uv":[4.5625,6.125,5.0,6.5625],"rotation":0,"texture":"#0","tintindex":0},"up":{"uv":[4.5625,6.125,3.5625,5.6875],"rotation":0,"texture":"#0","tintindex":0},"down":{"uv":[5.5625,5.6875,4.5625,6.125],"rotation":0,"texture":"#0","tintindex":0}}}],"display":{"head":{"translation":[0.0,-6.4,0.0],"scale":[4.0,4.0,4.0]}}}