{"textures":{"0":"modelengine:entity/reibarro"},"elements":[{"from":[2.2857141,2.8571424,3.142857],"to":[13.714286,8.0,12.857143],"rotation":{"angle":0.0,"axis":"y","origin":[8.0,-4.5714293,8.857143]},"faces":{"east":{"uv":[0.0,3.1875,1.0625,3.75],"rotation":0,"texture":"#0","tintindex":0},"south":{"uv":[3.375,3.1875,4.625,3.75],"rotation":0,"texture":"#0","tintindex":0},"north":{"uv":[1.0625,3.1875,2.3125,3.75],"rotation":0,"texture":"#0","tintindex":0},"west":{"uv":[2.3125,3.1875,3.375,3.75],"rotation":0,"texture":"#0","tintindex":0},"up":{"uv":[2.3125,3.1875,1.0625,2.125],"rotation":0,"texture":"#0","tintindex":0},"down":{"uv":[3.5625,2.125,2.3125,3.1875],"rotation":0,"texture":"#0","tintindex":0}}}],"display":{"head":{"translation":[0.0,-6.4,0.0],"scale":[4.0,4.0,4.0]}}}