{"textures":{"0":"modelengine:entity/reibarro"},"elements":[{"from":[1.7142854,1.7142854,2.5714283],"to":[14.285715,8.0,13.428572],"rotation":{"angle":0.0,"axis":"y","origin":[8.0,-1.7142859,8.857143]},"faces":{"east":{"uv":[0.0,1.1875,1.1875,1.875],"rotation":0,"texture":"#0","tintindex":0},"south":{"uv":[3.75,1.1875,5.125,1.875],"rotation":0,"texture":"#0","tintindex":0},"north":{"uv":[1.1875,1.1875,2.5625,1.875],"rotation":0,"texture":"#0","tintindex":0},"west":{"uv":[2.5625,1.1875,3.75,1.875],"rotation":0,"texture":"#0","tintindex":0},"up":{"uv":[2.5625,1.1875,1.1875,0.0],"rotation":0,"texture":"#0","tintindex":0},"down":{"uv":[3.9375,0.0,2.5625,1.1875],"rotation":0,"texture":"#0","tintindex":0}}}],"display":{"head":{"translation":[0.0,-6.4,0.0],"scale":[4.0,4.0,4.0]}}}