{"textures":{"0":"modelengine:entity/reibarro"},"elements":[{"from":[6.5714283,-2.8571434,6.5714283],"to":[9.428572,8.0,9.428572],"rotation":{"angle":45.0,"axis":"y","origin":[8.0,0.85714245,8.0]},"faces":{"east":{"uv":[4.5625,7.75,4.25,8.9375],"rotation":0,"texture":"#0","tintindex":0},"south":{"uv":[4.875,7.75,4.5625,8.9375],"rotation":0,"texture":"#0","tintindex":0},"north":{"uv":[4.25,7.75,3.9375,8.9375],"rotation":0,"texture":"#0","tintindex":0},"west":{"uv":[3.9375,7.75,3.625,8.9375],"rotation":0,"texture":"#0","tintindex":0},"up":{"uv":[3.9375,7.75,4.25,7.4375],"rotation":0,"texture":"#0","tintindex":0},"down":{"uv":[4.25,7.4375,4.5625,7.75],"rotation":0,"texture":"#0","tintindex":0}}}],"display":{"head":{"translation":[0.0,-6.4,0.0],"scale":[4.0,4.0,4.0]}}}