{"textures":{"0":"modelengine:entity/reibarro"},"elements":[{"from":[8.0,5.714286,6.5714283],"to":[10.857143,8.0,9.428572],"rotation":{"angle":-45.0,"axis":"y","origin":[9.428572,6.857143,8.0]},"faces":{"east":{"uv":[0.0,8.5,0.3125,8.75],"rotation":0,"texture":"#0","tintindex":0},"south":{"uv":[0.9375,8.5,1.25,8.75],"rotation":0,"texture":"#0","tintindex":0},"north":{"uv":[0.3125,8.5,0.625,8.75],"rotation":0,"texture":"#0","tintindex":0},"west":{"uv":[0.625,8.5,0.9375,8.75],"rotation":0,"texture":"#0","tintindex":0},"up":{"uv":[0.625,8.5,0.3125,8.1875],"rotation":0,"texture":"#0","tintindex":0},"down":{"uv":[0.9375,8.1875,0.625,8.5],"rotation":0,"texture":"#0","tintindex":0}}}],"display":{"head":{"translation":[0.0,-6.4,0.0],"scale":[4.0,4.0,4.0]}}}