{"textures":{"0":"modelengine:entity/reibarro"},"elements":[{"from":[5.714286,8.0,5.714286],"to":[10.285714,13.714286,10.285714],"rotation":{"angle":0.0,"axis":"y","origin":[8.0,-5.714287,8.0]},"faces":{"east":{"uv":[0.0,0.5,0.5,1.125],"rotation":0,"texture":"#0","tintindex":0},"south":{"uv":[1.5,0.5,2.0,1.125],"rotation":0,"texture":"#0","tintindex":0},"north":{"uv":[0.5,0.5,1.0,1.125],"rotation":0,"texture":"#0","tintindex":0},"west":{"uv":[1.0,0.5,1.5,1.125],"rotation":0,"texture":"#0","tintindex":0},"up":{"uv":[1.0,0.5,0.5,0.0],"rotation":0,"texture":"#0","tintindex":0},"down":{"uv":[1.5,0.0,1.0,0.5],"rotation":0,"texture":"#0","tintindex":0}}}],"display":{"head":{"translation":[0.0,-6.4,0.0],"scale":[4.0,4.0,4.0]}}}