{"textures":{"0":"modelengine:entity/reibarro"},"elements":[{"from":[0.0,4.5,4.5],"to":[16.0,11.5,11.5],"faces":{"east":{"uv":[3.125,6.125,3.5625,6.5625],"tintindex":0,"rotation":0,"texture":"#0"},"south":{"uv":[5.0,6.125,6.0,6.5625],"tintindex":0,"rotation":0,"texture":"#0"},"north":{"uv":[3.5625,6.125,4.5625,6.5625],"tintindex":0,"rotation":0,"texture":"#0"},"west":{"uv":[4.5625,6.125,5.0,6.5625],"tintindex":0,"rotation":0,"texture":"#0"},"up":{"uv":[4.5625,6.125,3.5625,5.6875],"tintindex":0,"rotation":0,"texture":"#0"},"down":{"uv":[5.5625,5.6875,4.5625,6.125],"tintindex":0,"rotation":0,"texture":"#0"}}}],"display":{"gui":{"rotation":[30,225,0]}}}