{"textures":{"0":"modelengine:entity/reibarro"},"elements":[{"from":[-6.5,29.75,5.0],"to":[-1.5,30.75,9.5],"faces":{"east":{"uv":[7.5625,7.8125,8.125,7.9375],"tintindex":0,"rotation":0,"texture":"#0"},"south":{"uv":[9.3125,7.8125,9.9375,7.9375],"tintindex":0,"rotation":0,"texture":"#0"},"north":{"uv":[8.125,7.8125,8.75,7.9375],"tintindex":0,"rotation":0,"texture":"#0"},"west":{"uv":[8.75,7.8125,9.3125,7.9375],"tintindex":0,"rotation":0,"texture":"#0"},"up":{"uv":[8.75,7.8125,8.125,7.25],"tintindex":0,"rotation":0,"texture":"#0"},"down":{"uv":[9.375,7.25,8.75,7.8125],"tintindex":0,"rotation":0,"texture":"#0"}}},{"from":[-2.0,31.25,5.5],"to":[3.5,31.75,9.0],"faces":{"east":{"uv":[6.875,3.6875,7.3125,3.75],"tintindex":0,"rotation":0,"texture":"#0"},"south":{"uv":[8.4375,3.6875,9.125,3.75],"tintindex":0,"rotation":0,"texture":"#0"},"north":{"uv":[7.3125,3.6875,8.0,3.75],"tintindex":0,"rotation":0,"texture":"#0"},"west":{"uv":[8.0,3.6875,8.4375,3.75],"tintindex":0,"rotation":0,"texture":"#0"},"up":{"uv":[8.0,3.6875,7.3125,3.25],"tintindex":0,"rotation":0,"texture":"#0"},"down":{"uv":[8.6875,3.25,8.0,3.6875],"tintindex":0,"rotation":0,"texture":"#0"}}},{"from":[-6.0,30.75,6.5],"to":[-3.0,31.25,8.0],"faces":{"east":{"uv":[4.5625,7.625,4.75,7.6875],"tintindex":0,"rotation":0,"texture":"#0"},"south":{"uv":[5.3125,7.625,5.6875,7.6875],"tintindex":0,"rotation":0,"texture":"#0"},"north":{"uv":[4.75,7.625,5.125,7.6875],"tintindex":0,"rotation":0,"texture":"#0"},"west":{"uv":[5.125,7.625,5.3125,7.6875],"tintindex":0,"rotation":0,"texture":"#0"},"up":{"uv":[5.125,7.625,4.75,7.4375],"tintindex":0,"rotation":0,"texture":"#0"},"down":{"uv":[5.5,7.4375,5.125,7.625],"tintindex":0,"rotation":0,"texture":"#0"}}},{"from":[-3.0,29.65,4.5],"to":[4.0,31.25,10.0],"faces":{"east":{"uv":[5.3125,2.125,6.0,2.3125],"tintindex":0,"rotation":0,"texture":"#0"},"south":{"uv":[7.5625,2.125,8.4375,2.3125],"tintindex":0,"rotation":0,"texture":"#0"},"north":{"uv":[6.0,2.125,6.875,2.3125],"tintindex":0,"rotation":0,"texture":"#0"},"west":{"uv":[6.875,2.125,7.5625,2.3125],"tintindex":0,"rotation":0,"texture":"#0"},"up":{"uv":[6.875,2.125,6.0,1.4375],"tintindex":0,"rotation":0,"texture":"#0"},"down":{"uv":[7.75,1.4375,6.875,2.125],"tintindex":0,"rotation":0,"texture":"#0"}}}],"display":{"gui":{"rotation":[30,225,0]}}}