{"textures":{"0":"modelengine:entity/reibarro"},"elements":[{"from":[6.285714,2.2857141,6.857143],"to":[8.571428,9.142858,9.142858],"rotation":{"angle":0.0,"axis":"y","origin":[10.857143,-4.5714293,8.0]},"faces":{"east":{"uv":[3.25,3.125,3.0,3.875],"rotation":0,"texture":"#0","tintindex":0},"south":{"uv":[3.5,3.125,3.25,3.875],"rotation":0,"texture":"#0","tintindex":0},"north":{"uv":[3.0,3.125,2.75,3.875],"rotation":0,"texture":"#0","tintindex":0},"west":{"uv":[2.75,3.125,2.5,3.875],"rotation":0,"texture":"#0","tintindex":0},"up":{"uv":[2.75,3.125,3.0,2.875],"rotation":0,"texture":"#0","tintindex":0},"down":{"uv":[3.0,2.875,3.25,3.125],"rotation":0,"texture":"#0","tintindex":0}}}],"display":{"head":{"translation":[0.0,-6.4,0.0],"scale":[4.0,4.0,4.0]}}}