{"textures":{"0":"modelengine:entity/reibarro"},"elements":[{"from":[7.428571,6.285714,4.5714283],"to":[8.571428,8.571428,5.714286],"rotation":{"angle":0.0,"axis":"y","origin":[8.0,-6.8571434,8.0]},"faces":{"east":{"uv":[1.5,0.125,1.625,0.375],"rotation":0,"texture":"#0","tintindex":0},"south":{"uv":[1.875,0.125,2.0,0.375],"rotation":0,"texture":"#0","tintindex":0},"north":{"uv":[1.625,0.125,1.75,0.375],"rotation":0,"texture":"#0","tintindex":0},"west":{"uv":[1.75,0.125,1.875,0.375],"rotation":0,"texture":"#0","tintindex":0},"up":{"uv":[1.75,0.125,1.625,0.0],"rotation":0,"texture":"#0","tintindex":0},"down":{"uv":[1.875,0.0,1.75,0.125],"rotation":0,"texture":"#0","tintindex":0}}}],"display":{"head":{"translation":[0.0,-6.4,0.0],"scale":[4.0,4.0,4.0]}}}