{"textures":{"0":"modelengine:entity/reibarro"},"elements":[{"from":[3.4285712,6.5714283,6.0],"to":[12.571428,10.571428,10.0],"rotation":{"angle":0.0,"axis":"y","origin":[8.0,8.0,8.0]},"faces":{"east":{"uv":[2.875,7.0,3.3125,7.4375],"rotation":0,"texture":"#0","tintindex":0},"south":{"uv":[4.75,7.0,5.75,7.4375],"rotation":0,"texture":"#0","tintindex":0},"north":{"uv":[3.3125,7.0,4.3125,7.4375],"rotation":0,"texture":"#0","tintindex":0},"west":{"uv":[4.3125,7.0,4.75,7.4375],"rotation":0,"texture":"#0","tintindex":0},"up":{"uv":[4.3125,7.0,3.3125,6.5625],"rotation":0,"texture":"#0","tintindex":0},"down":{"uv":[5.3125,6.5625,4.3125,7.0],"rotation":0,"texture":"#0","tintindex":0}}}],"display":{"head":{"translation":[0.0,-6.4,0.0],"scale":[4.0,4.0,4.0]}}}