{"textures":{"0":"modelengine:entity/reibarro"},"elements":[{"from":[-8.0,20.400002,6.0],"to":[-1.6000004,23.2,8.8],"rotation":{"angle":0.0,"axis":"y","origin":[-4.8,21.400002,7.4]},"faces":{"east":{"uv":[0.0,6.75,0.4375,7.1875],"rotation":0,"texture":"#0","tintindex":0},"south":{"uv":[1.875,6.75,2.875,7.1875],"rotation":0,"texture":"#0","tintindex":0},"north":{"uv":[0.4375,6.75,1.4375,7.1875],"rotation":0,"texture":"#0","tintindex":0},"west":{"uv":[1.4375,6.75,1.875,7.1875],"rotation":0,"texture":"#0","tintindex":0},"up":{"uv":[1.4375,6.75,0.4375,6.3125],"rotation":0,"texture":"#0","tintindex":0},"down":{"uv":[2.4375,6.3125,1.4375,6.75],"rotation":0,"texture":"#0","tintindex":0}}},{"from":[6.0,23.2,5.6],"to":[10.0,27.6,9.2],"rotation":{"angle":0.0,"axis":"y","origin":[8.0,5.6000004,8.0]},"faces":{"east":{"uv":[5.75,7.125,6.3125,7.8125],"rotation":0,"texture":"#0","tintindex":0},"south":{"uv":[7.5,7.125,8.125,7.8125],"rotation":0,"texture":"#0","tintindex":0},"north":{"uv":[6.3125,7.125,6.9375,7.8125],"rotation":0,"texture":"#0","tintindex":0},"west":{"uv":[6.9375,7.125,7.5,7.8125],"rotation":0,"texture":"#0","tintindex":0},"up":{"uv":[6.9375,7.125,6.3125,6.5625],"rotation":0,"texture":"#0","tintindex":0},"down":{"uv":[7.5625,6.5625,6.9375,7.125],"rotation":0,"texture":"#0","tintindex":0}}},{"from":[5.6,25.2,6.0],"to":[10.4,27.6,9.6],"rotation":{"angle":0.0,"axis":"y","origin":[8.0,5.6000004,8.0]},"faces":{"east":{"uv":[6.875,2.875,7.4375,3.25],"rotation":0,"texture":"#0","tintindex":0},"south":{"uv":[8.75,2.875,9.5,3.25],"rotation":0,"texture":"#0","tintindex":0},"north":{"uv":[7.4375,2.875,8.1875,3.25],"rotation":0,"texture":"#0","tintindex":0},"west":{"uv":[8.1875,2.875,8.75,3.25],"rotation":0,"texture":"#0","tintindex":0},"up":{"uv":[8.1875,2.875,7.4375,2.3125],"rotation":0,"texture":"#0","tintindex":0},"down":{"uv":[8.9375,2.3125,8.1875,2.875],"rotation":0,"texture":"#0","tintindex":0}}},{"from":[5.8,26.12,5.2],"to":[10.2,27.64,9.4],"rotation":{"angle":0.0,"axis":"y","origin":[8.0,5.6000004,8.0]},"faces":{"east":{"uv":[6.3125,4.9375,6.9375,5.125],"rotation":0,"texture":"#0","tintindex":0},"south":{"uv":[8.25,4.9375,8.9375,5.125],"rotation":0,"texture":"#0","tintindex":0},"north":{"uv":[6.9375,4.9375,7.625,5.125],"rotation":0,"texture":"#0","tintindex":0},"west":{"uv":[7.625,4.9375,8.25,5.125],"rotation":0,"texture":"#0","tintindex":0},"up":{"uv":[7.625,4.9375,6.9375,4.3125],"rotation":0,"texture":"#0","tintindex":0},"down":{"uv":[8.3125,4.3125,7.625,4.9375],"rotation":0,"texture":"#0","tintindex":0}}},{"from":[6.4,22.600424,4.603347],"to":[9.6,24.600424,7.003347],"rotation":{"angle":22.5,"axis":"x","origin":[6.4,22.600424,7.003347]},"faces":{"east":{"uv":[3.9375,0.375,4.3125,0.6875],"rotation":0,"texture":"#0","tintindex":0},"south":{"uv":[5.1875,0.375,5.6875,0.6875],"rotation":0,"texture":"#0","tintindex":0},"north":{"uv":[4.3125,0.375,4.8125,0.6875],"rotation":0,"texture":"#0","tintindex":0},"west":{"uv":[4.8125,0.375,5.1875,0.6875],"rotation":0,"texture":"#0","tintindex":0},"up":{"uv":[4.8125,0.375,4.3125,0.0],"rotation":0,"texture":"#0","tintindex":0},"down":{"uv":[5.3125,0.0,4.8125,0.375],"rotation":0,"texture":"#0","tintindex":0}}},{"from":[8.4,20.318863,7.506036],"to":[9.6,22.318863,7.506036],"rotation":{"angle":45.0,"axis":"x","origin":[8.0,24.278862,6.746036]},"faces":{"east":{"uv":[5.3125,0.0625,5.3125,0.375],"rotation":0,"texture":"#0","tintindex":0},"south":{"uv":[5.5,0.0625,5.6875,0.375],"rotation":0,"texture":"#0","tintindex":0},"north":{"uv":[5.3125,0.0625,5.5,0.375],"rotation":0,"texture":"#0","tintindex":0},"west":{"uv":[5.5,0.0625,5.5,0.375],"rotation":0,"texture":"#0","tintindex":0},"up":{"uv":[5.5,0.0625,5.3125,0.0625],"rotation":0,"texture":"#0","tintindex":0},"down":{"uv":[5.6875,0.0625,5.5,0.0625],"rotation":0,"texture":"#0","tintindex":0}}},{"from":[8.4,18.318863,7.506036],"to":[9.6,20.318863,7.506036],"rotation":{"angle":45.0,"axis":"x","origin":[8.0,24.278862,6.746036]},"faces":{"east":{"uv":[5.3125,0.0625,5.3125,0.375],"rotation":0,"texture":"#0","tintindex":0},"south":{"uv":[5.5,0.0625,5.6875,0.375],"rotation":0,"texture":"#0","tintindex":0},"north":{"uv":[5.3125,0.0625,5.5,0.375],"rotation":0,"texture":"#0","tintindex":0},"west":{"uv":[5.5,0.0625,5.5,0.375],"rotation":0,"texture":"#0","tintindex":0},"up":{"uv":[5.5,0.0625,5.3125,0.0625],"rotation":0,"texture":"#0","tintindex":0},"down":{"uv":[5.6875,0.0625,5.5,0.0625],"rotation":0,"texture":"#0","tintindex":0}}},{"from":[8.4,16.318863,7.506036],"to":[9.6,18.318863,7.506036],"rotation":{"angle":45.0,"axis":"x","origin":[8.0,24.278862,6.746036]},"faces":{"east":{"uv":[5.3125,0.0625,5.3125,0.375],"rotation":0,"texture":"#0","tintindex":0},"south":{"uv":[5.5,0.0625,5.6875,0.375],"rotation":0,"texture":"#0","tintindex":0},"north":{"uv":[5.3125,0.0625,5.5,0.375],"rotation":0,"texture":"#0","tintindex":0},"west":{"uv":[5.5,0.0625,5.5,0.375],"rotation":0,"texture":"#0","tintindex":0},"up":{"uv":[5.5,0.0625,5.3125,0.0625],"rotation":0,"texture":"#0","tintindex":0},"down":{"uv":[5.6875,0.0625,5.5,0.0625],"rotation":0,"texture":"#0","tintindex":0}}},{"from":[8.4,14.318863,7.506036],"to":[9.6,16.318863,7.506036],"rotation":{"angle":45.0,"axis":"x","origin":[8.0,24.278862,6.746036]},"faces":{"east":{"uv":[5.3125,0.0625,5.3125,0.375],"rotation":0,"texture":"#0","tintindex":0},"south":{"uv":[5.5,0.0625,5.6875,0.375],"rotation":0,"texture":"#0","tintindex":0},"north":{"uv":[5.3125,0.0625,5.5,0.375],"rotation":0,"texture":"#0","tintindex":0},"west":{"uv":[5.5,0.0625,5.5,0.375],"rotation":0,"texture":"#0","tintindex":0},"up":{"uv":[5.5,0.0625,5.3125,0.0625],"rotation":0,"texture":"#0","tintindex":0},"down":{"uv":[5.6875,0.0625,5.5,0.0625],"rotation":0,"texture":"#0","tintindex":0}}},{"from":[6.0,22.400002,10.8],"to":[8.0,25.6,12.0],"rotation":{"angle":-45.0,"axis":"x","origin":[8.0,25.400002,9.8]},"faces":{"east":{"uv":[0.6875,0.1875,0.5,0.6875],"rotation":0,"texture":"#0","tintindex":0},"south":{"uv":[1.0,0.1875,0.6875,0.6875],"rotation":0,"texture":"#0","tintindex":0},"north":{"uv":[0.5,0.1875,0.1875,0.6875],"rotation":0,"texture":"#0","tintindex":0},"west":{"uv":[0.1875,0.1875,0.0,0.6875],"rotation":0,"texture":"#0","tintindex":0},"up":{"uv":[0.1875,0.1875,0.5,0.0],"rotation":0,"texture":"#0","tintindex":0},"down":{"uv":[0.5,0.0,0.8125,0.1875],"rotation":0,"texture":"#0","tintindex":0}}},{"from":[6.0,19.2,10.8],"to":[8.0,22.400002,12.0],"rotation":{"angle":-45.0,"axis":"x","origin":[8.0,25.400002,9.8]},"faces":{"east":{"uv":[0.6875,0.1875,0.5,0.6875],"rotation":0,"texture":"#0","tintindex":0},"south":{"uv":[1.0,0.1875,0.6875,0.6875],"rotation":0,"texture":"#0","tintindex":0},"north":{"uv":[0.5,0.1875,0.1875,0.6875],"rotation":0,"texture":"#0","tintindex":0},"west":{"uv":[0.1875,0.1875,0.0,0.6875],"rotation":0,"texture":"#0","tintindex":0},"up":{"uv":[0.1875,0.1875,0.5,0.0],"rotation":0,"texture":"#0","tintindex":0},"down":{"uv":[0.5,0.0,0.8125,0.1875],"rotation":0,"texture":"#0","tintindex":0}}},{"from":[6.0,16.0,10.8],"to":[8.0,19.2,12.0],"rotation":{"angle":-45.0,"axis":"x","origin":[8.0,25.400002,9.8]},"faces":{"east":{"uv":[0.0,0.1875,0.1875,0.6875],"rotation":0,"texture":"#0","tintindex":0},"south":{"uv":[0.6875,0.1875,1.0,0.6875],"rotation":0,"texture":"#0","tintindex":0},"north":{"uv":[0.1875,0.1875,0.5,0.6875],"rotation":0,"texture":"#0","tintindex":0},"west":{"uv":[0.5,0.1875,0.6875,0.6875],"rotation":0,"texture":"#0","tintindex":0},"up":{"uv":[0.5,0.1875,0.1875,0.0],"rotation":0,"texture":"#0","tintindex":0},"down":{"uv":[0.8125,0.0,0.5,0.1875],"rotation":0,"texture":"#0","tintindex":0}}},{"from":[6.0,12.800001,10.8],"to":[8.0,16.0,12.0],"rotation":{"angle":-45.0,"axis":"x","origin":[8.0,25.400002,9.8]},"faces":{"east":{"uv":[0.0,0.1875,0.1875,0.6875],"rotation":0,"texture":"#0","tintindex":0},"south":{"uv":[0.6875,0.1875,1.0,0.6875],"rotation":0,"texture":"#0","tintindex":0},"north":{"uv":[0.1875,0.1875,0.5,0.6875],"rotation":0,"texture":"#0","tintindex":0},"west":{"uv":[0.5,0.1875,0.6875,0.6875],"rotation":0,"texture":"#0","tintindex":0},"up":{"uv":[0.5,0.1875,0.1875,0.0],"rotation":0,"texture":"#0","tintindex":0},"down":{"uv":[0.8125,0.0,0.5,0.1875],"rotation":0,"texture":"#0","tintindex":0}}},{"from":[6.2,27.660002,5.6],"to":[9.8,30.460001,9.2],"rotation":{"angle":0.0,"axis":"y","origin":[8.0,28.400002,7.4]},"faces":{"east":{"uv":[0.0,7.75,0.5625,8.1875],"rotation":0,"texture":"#0","tintindex":0},"south":{"uv":[1.6875,7.75,2.25,8.1875],"rotation":0,"texture":"#0","tintindex":0},"north":{"uv":[0.5625,7.75,1.125,8.1875],"rotation":0,"texture":"#0","tintindex":0},"west":{"uv":[1.125,7.75,1.6875,8.1875],"rotation":0,"texture":"#0","tintindex":0},"up":{"uv":[1.125,7.75,0.5625,7.1875],"rotation":0,"texture":"#0","tintindex":0},"down":{"uv":[1.6875,7.1875,1.125,7.75],"rotation":0,"texture":"#0","tintindex":0}}},{"from":[6.8,27.6,6.0],"to":[9.2,30.800001,8.8],"rotation":{"angle":0.0,"axis":"y","origin":[8.0,29.2,7.6]},"faces":{"east":{"uv":[6.625,8.375,7.0625,8.875],"rotation":0,"texture":"#0","tintindex":0},"south":{"uv":[7.875,8.375,8.25,8.875],"rotation":0,"texture":"#0","tintindex":0},"north":{"uv":[7.0625,8.375,7.4375,8.875],"rotation":0,"texture":"#0","tintindex":0},"west":{"uv":[7.4375,8.375,7.875,8.875],"rotation":0,"texture":"#0","tintindex":0},"up":{"uv":[7.4375,8.375,7.0625,7.9375],"rotation":0,"texture":"#0","tintindex":0},"down":{"uv":[7.8125,7.9375,7.4375,8.375],"rotation":0,"texture":"#0","tintindex":0}}},{"from":[7.6,29.6,7.2],"to":[8.4,32.0,8.0],"rotation":{"angle":0.0,"axis":"y","origin":[8.0,30.800001,7.6]},"faces":{"east":{"uv":[0.0,5.5625,0.125,5.9375],"rotation":0,"texture":"#0","tintindex":0},"south":{"uv":[0.375,5.5625,0.5,5.9375],"rotation":0,"texture":"#0","tintindex":0},"north":{"uv":[0.125,5.5625,0.25,5.9375],"rotation":0,"texture":"#0","tintindex":0},"west":{"uv":[0.25,5.5625,0.375,5.9375],"rotation":0,"texture":"#0","tintindex":0},"up":{"uv":[0.25,5.5625,0.125,5.4375],"rotation":0,"texture":"#0","tintindex":0},"down":{"uv":[0.375,5.4375,0.25,5.5625],"rotation":0,"texture":"#0","tintindex":0}}},{"from":[24.0,20.400002,6.0],"to":[25.2,21.6,7.2],"rotation":{"angle":0.0,"axis":"y","origin":[20.8,21.400002,7.4]},"faces":{"east":{"uv":[3.5,4.75,3.6875,4.9375],"rotation":0,"texture":"#0","tintindex":0},"south":{"uv":[4.0625,4.75,4.25,4.9375],"rotation":0,"texture":"#0","tintindex":0},"north":{"uv":[3.6875,4.75,3.875,4.9375],"rotation":0,"texture":"#0","tintindex":0},"west":{"uv":[3.875,4.75,4.0625,4.9375],"rotation":0,"texture":"#0","tintindex":0},"up":{"uv":[3.875,4.75,3.6875,4.5625],"rotation":0,"texture":"#0","tintindex":0},"down":{"uv":[4.0625,4.5625,3.875,4.75],"rotation":0,"texture":"#0","tintindex":0}}},{"from":[25.2,20.400002,6.0],"to":[26.4,21.6,7.2],"rotation":{"angle":0.0,"axis":"y","origin":[20.8,21.400002,7.4]},"faces":{"east":{"uv":[0.0,3.9375,0.1875,4.125],"rotation":0,"texture":"#0","tintindex":0},"south":{"uv":[0.5625,3.9375,0.75,4.125],"rotation":0,"texture":"#0","tintindex":0},"north":{"uv":[0.1875,3.9375,0.375,4.125],"rotation":0,"texture":"#0","tintindex":0},"west":{"uv":[0.375,3.9375,0.5625,4.125],"rotation":0,"texture":"#0","tintindex":0},"up":{"uv":[0.375,3.9375,0.1875,3.75],"rotation":0,"texture":"#0","tintindex":0},"down":{"uv":[0.5625,3.75,0.375,3.9375],"rotation":0,"texture":"#0","tintindex":0}}},{"from":[24.0,22.0,6.0],"to":[26.800001,23.2,8.8],"rotation":{"angle":0.0,"axis":"y","origin":[20.8,21.400002,7.4]},"faces":{"east":{"uv":[7.9375,0.4375,8.375,0.625],"rotation":0,"texture":"#0","tintindex":0},"south":{"uv":[9.25,0.4375,9.6875,0.625],"rotation":0,"texture":"#0","tintindex":0},"north":{"uv":[8.375,0.4375,8.8125,0.625],"rotation":0,"texture":"#0","tintindex":0},"west":{"uv":[8.8125,0.4375,9.25,0.625],"rotation":0,"texture":"#0","tintindex":0},"up":{"uv":[8.8125,0.4375,8.375,0.0],"rotation":0,"texture":"#0","tintindex":0},"down":{"uv":[9.25,0.0,8.8125,0.4375],"rotation":0,"texture":"#0","tintindex":0}}},{"from":[8.0,22.400002,10.8],"to":[10.0,25.6,12.0],"rotation":{"angle":-45.0,"axis":"x","origin":[8.0,25.400002,9.8]},"faces":{"east":{"uv":[0.0,0.1875,0.1875,0.6875],"rotation":0,"texture":"#0","tintindex":0},"south":{"uv":[0.6875,0.1875,1.0,0.6875],"rotation":0,"texture":"#0","tintindex":0},"north":{"uv":[0.1875,0.1875,0.5,0.6875],"rotation":0,"texture":"#0","tintindex":0},"west":{"uv":[0.5,0.1875,0.6875,0.6875],"rotation":0,"texture":"#0","tintindex":0},"up":{"uv":[0.5,0.1875,0.1875,0.0],"rotation":0,"texture":"#0","tintindex":0},"down":{"uv":[0.8125,0.0,0.5,0.1875],"rotation":0,"texture":"#0","tintindex":0}}},{"from":[8.0,19.2,10.8],"to":[10.0,22.400002,12.0],"rotation":{"angle":-45.0,"axis":"x","origin":[8.0,25.400002,9.8]},"faces":{"east":{"uv":[0.0,0.1875,0.1875,0.6875],"rotation":0,"texture":"#0","tintindex":0},"south":{"uv":[0.6875,0.1875,1.0,0.6875],"rotation":0,"texture":"#0","tintindex":0},"north":{"uv":[0.1875,0.1875,0.5,0.6875],"rotation":0,"texture":"#0","tintindex":0},"west":{"uv":[0.5,0.1875,0.6875,0.6875],"rotation":0,"texture":"#0","tintindex":0},"up":{"uv":[0.5,0.1875,0.1875,0.0],"rotation":0,"texture":"#0","tintindex":0},"down":{"uv":[0.8125,0.0,0.5,0.1875],"rotation":0,"texture":"#0","tintindex":0}}},{"from":[8.0,16.0,10.8],"to":[10.0,19.2,12.0],"rotation":{"angle":-45.0,"axis":"x","origin":[8.0,25.400002,9.8]},"faces":{"east":{"uv":[0.6875,0.1875,0.5,0.6875],"rotation":0,"texture":"#0","tintindex":0},"south":{"uv":[1.0,0.1875,0.6875,0.6875],"rotation":0,"texture":"#0","tintindex":0},"north":{"uv":[0.5,0.1875,0.1875,0.6875],"rotation":0,"texture":"#0","tintindex":0},"west":{"uv":[0.1875,0.1875,0.0,0.6875],"rotation":0,"texture":"#0","tintindex":0},"up":{"uv":[0.1875,0.1875,0.5,0.0],"rotation":0,"texture":"#0","tintindex":0},"down":{"uv":[0.5,0.0,0.8125,0.1875],"rotation":0,"texture":"#0","tintindex":0}}},{"from":[-10.4,20.400002,6.0],"to":[-9.200001,21.6,7.2],"rotation":{"angle":0.0,"axis":"y","origin":[-4.8,21.400002,7.4]},"faces":{"east":{"uv":[0.5625,3.9375,0.375,4.125],"rotation":0,"texture":"#0","tintindex":0},"south":{"uv":[0.75,3.9375,0.5625,4.125],"rotation":0,"texture":"#0","tintindex":0},"north":{"uv":[0.375,3.9375,0.1875,4.125],"rotation":0,"texture":"#0","tintindex":0},"west":{"uv":[0.1875,3.9375,0.0,4.125],"rotation":0,"texture":"#0","tintindex":0},"up":{"uv":[0.1875,3.9375,0.375,3.75],"rotation":0,"texture":"#0","tintindex":0},"down":{"uv":[0.375,3.75,0.5625,3.9375],"rotation":0,"texture":"#0","tintindex":0}}},{"from":[-10.800001,22.0,6.0],"to":[-8.0,23.2,8.8],"rotation":{"angle":0.0,"axis":"y","origin":[-4.8,21.400002,7.4]},"faces":{"east":{"uv":[4.875,8.25,5.3125,8.4375],"rotation":0,"texture":"#0","tintindex":0},"south":{"uv":[6.1875,8.25,6.625,8.4375],"rotation":0,"texture":"#0","tintindex":0},"north":{"uv":[5.3125,8.25,5.75,8.4375],"rotation":0,"texture":"#0","tintindex":0},"west":{"uv":[5.75,8.25,6.1875,8.4375],"rotation":0,"texture":"#0","tintindex":0},"up":{"uv":[5.75,8.25,5.3125,7.8125],"rotation":0,"texture":"#0","tintindex":0},"down":{"uv":[6.1875,7.8125,5.75,8.25],"rotation":0,"texture":"#0","tintindex":0}}},{"from":[-9.200001,20.400002,6.0],"to":[-8.0,21.6,7.2],"rotation":{"angle":0.0,"axis":"y","origin":[-4.8,21.400002,7.4]},"faces":{"east":{"uv":[4.0625,4.75,3.875,4.9375],"rotation":0,"texture":"#0","tintindex":0},"south":{"uv":[4.25,4.75,4.0625,4.9375],"rotation":0,"texture":"#0","tintindex":0},"north":{"uv":[3.875,4.75,3.6875,4.9375],"rotation":0,"texture":"#0","tintindex":0},"west":{"uv":[3.6875,4.75,3.5,4.9375],"rotation":0,"texture":"#0","tintindex":0},"up":{"uv":[3.6875,4.75,3.875,4.5625],"rotation":0,"texture":"#0","tintindex":0},"down":{"uv":[3.875,4.5625,4.0625,4.75],"rotation":0,"texture":"#0","tintindex":0}}},{"from":[0.4000001,17.2,2.0],"to":[17.2,18.0,2.7999997],"rotation":{"angle":0.0,"axis":"y","origin":[8.0,5.6000004,8.0]},"faces":{"east":{"uv":[0.0,2.0,0.125,2.125],"rotation":0,"texture":"#0","tintindex":0},"south":{"uv":[2.875,2.0,5.5,2.125],"rotation":0,"texture":"#0","tintindex":0},"north":{"uv":[0.125,2.0,2.75,2.125],"rotation":0,"texture":"#0","tintindex":0},"west":{"uv":[2.75,2.0,2.875,2.125],"rotation":0,"texture":"#0","tintindex":0},"up":{"uv":[2.75,2.0,0.125,1.875],"rotation":0,"texture":"#0","tintindex":0},"down":{"uv":[5.375,1.875,2.75,2.0],"rotation":0,"texture":"#0","tintindex":0}}},{"from":[16.0,16.8,1.5999999],"to":[17.6,18.400002,3.1999998],"rotation":{"angle":0.0,"axis":"y","origin":[8.0,5.6000004,8.0]},"faces":{"east":{"uv":[0.0,0.9375,0.25,1.1875],"rotation":0,"texture":"#0","tintindex":0},"south":{"uv":[0.75,0.9375,1.0,1.1875],"rotation":0,"texture":"#0","tintindex":0},"north":{"uv":[0.25,0.9375,0.5,1.1875],"rotation":0,"texture":"#0","tintindex":0},"west":{"uv":[0.5,0.9375,0.75,1.1875],"rotation":0,"texture":"#0","tintindex":0},"up":{"uv":[0.5,0.9375,0.25,0.6875],"rotation":0,"texture":"#0","tintindex":0},"down":{"uv":[0.75,0.6875,0.5,0.9375],"rotation":0,"texture":"#0","tintindex":0}}},{"from":[-1.1999998,16.8,1.5999999],"to":[2.7999997,18.400002,3.1999998],"rotation":{"angle":0.0,"axis":"y","origin":[8.0,5.6000004,8.0]},"faces":{"east":{"uv":[7.9375,4.0,8.1875,4.25],"rotation":0,"texture":"#0","tintindex":0},"south":{"uv":[9.0625,4.0,9.6875,4.25],"rotation":0,"texture":"#0","tintindex":0},"north":{"uv":[8.1875,4.0,8.8125,4.25],"rotation":0,"texture":"#0","tintindex":0},"west":{"uv":[8.8125,4.0,9.0625,4.25],"rotation":0,"texture":"#0","tintindex":0},"up":{"uv":[8.8125,4.0,8.1875,3.75],"rotation":0,"texture":"#0","tintindex":0},"down":{"uv":[9.4375,3.75,8.8125,4.0],"rotation":0,"texture":"#0","tintindex":0}}},{"from":[-1.1999998,17.2,-0.40000057],"to":[2.7999997,18.0,1.5999999],"rotation":{"angle":0.0,"axis":"y","origin":[8.0,5.6000004,8.0]},"faces":{"east":{"uv":[7.5625,6.875,7.875,7.0],"rotation":0,"texture":"#0","tintindex":0},"south":{"uv":[8.8125,6.875,9.4375,7.0],"rotation":0,"texture":"#0","tintindex":0},"north":{"uv":[7.875,6.875,8.5,7.0],"rotation":0,"texture":"#0","tintindex":0},"west":{"uv":[8.5,6.875,8.8125,7.0],"rotation":0,"texture":"#0","tintindex":0},"up":{"uv":[8.5,6.875,7.875,6.5625],"rotation":0,"texture":"#0","tintindex":0},"down":{"uv":[9.125,6.5625,8.5,6.875],"rotation":0,"texture":"#0","tintindex":0}}},{"from":[-1.1999998,17.2,-5.2],"to":[2.7999997,18.0,-2.4000006],"rotation":{"angle":0.0,"axis":"y","origin":[8.0,5.6000004,8.0]},"faces":{"east":{"uv":[3.5625,2.5625,4.0,2.6875],"rotation":0,"texture":"#0","tintindex":0},"south":{"uv":[5.0625,2.5625,5.6875,2.6875],"rotation":0,"texture":"#0","tintindex":0},"north":{"uv":[4.0,2.5625,4.625,2.6875],"rotation":0,"texture":"#0","tintindex":0},"west":{"uv":[4.625,2.5625,5.0625,2.6875],"rotation":0,"texture":"#0","tintindex":0},"up":{"uv":[4.625,2.5625,4.0,2.125],"rotation":0,"texture":"#0","tintindex":0},"down":{"uv":[5.25,2.125,4.625,2.5625],"rotation":0,"texture":"#0","tintindex":0}}},{"from":[1.5999999,17.2,-2.4000006],"to":[2.7999997,18.0,-0.40000057],"rotation":{"angle":0.0,"axis":"y","origin":[8.0,5.6000004,8.0]},"faces":{"east":{"uv":[3.9375,1.0,4.25,1.125],"rotation":0,"texture":"#0","tintindex":0},"south":{"uv":[4.75,1.0,4.9375,1.125],"rotation":0,"texture":"#0","tintindex":0},"north":{"uv":[4.25,1.0,4.4375,1.125],"rotation":0,"texture":"#0","tintindex":0},"west":{"uv":[4.4375,1.0,4.75,1.125],"rotation":0,"texture":"#0","tintindex":0},"up":{"uv":[4.4375,1.0,4.25,0.6875],"rotation":0,"texture":"#0","tintindex":0},"down":{"uv":[4.625,0.6875,4.4375,1.0],"rotation":0,"texture":"#0","tintindex":0}}},{"from":[-1.1999998,17.2,-2.4000006],"to":[0.0,18.0,-0.40000057],"rotation":{"angle":0.0,"axis":"y","origin":[8.0,5.6000004,8.0]},"faces":{"east":{"uv":[3.5625,3.0,3.875,3.125],"rotation":0,"texture":"#0","tintindex":0},"south":{"uv":[4.375,3.0,4.5625,3.125],"rotation":0,"texture":"#0","tintindex":0},"north":{"uv":[3.875,3.0,4.0625,3.125],"rotation":0,"texture":"#0","tintindex":0},"west":{"uv":[4.0625,3.0,4.375,3.125],"rotation":0,"texture":"#0","tintindex":0},"up":{"uv":[4.0625,3.0,3.875,2.6875],"rotation":0,"texture":"#0","tintindex":0},"down":{"uv":[4.25,2.6875,4.0625,3.0],"rotation":0,"texture":"#0","tintindex":0}}},{"from":[5.0178986,17.2,-6.350131],"to":[7.817899,18.0,-5.150131],"rotation":{"angle":-22.5,"axis":"y","origin":[1.017899,17.6,-11.350132]},"faces":{"east":{"uv":[8.4375,2.125,8.625,2.25],"rotation":0,"texture":"#0","tintindex":0},"south":{"uv":[9.25,2.125,9.6875,2.25],"rotation":0,"texture":"#0","tintindex":0},"north":{"uv":[8.625,2.125,9.0625,2.25],"rotation":0,"texture":"#0","tintindex":0},"west":{"uv":[9.0625,2.125,9.25,2.25],"rotation":0,"texture":"#0","tintindex":0},"up":{"uv":[9.0625,2.125,8.625,1.9375],"rotation":0,"texture":"#0","tintindex":0},"down":{"uv":[9.5,1.9375,9.0625,2.125],"rotation":0,"texture":"#0","tintindex":0}}},{"from":[-3.574792,17.2,-4.741067],"to":[-0.7747917,18.0,-3.5410671],"rotation":{"angle":22.5,"axis":"y","origin":[-2.1410027,17.6,-3.901701]},"faces":{"east":{"uv":[5.6875,2.5,5.875,2.625],"rotation":0,"texture":"#0","tintindex":0},"south":{"uv":[6.5,2.5,6.9375,2.625],"rotation":0,"texture":"#0","tintindex":0},"north":{"uv":[5.875,2.5,6.3125,2.625],"rotation":0,"texture":"#0","tintindex":0},"west":{"uv":[6.3125,2.5,6.5,2.625],"rotation":0,"texture":"#0","tintindex":0},"up":{"uv":[6.3125,2.5,5.875,2.3125],"rotation":0,"texture":"#0","tintindex":0},"down":{"uv":[6.75,2.3125,6.3125,2.5],"rotation":0,"texture":"#0","tintindex":0}}},{"from":[7.6,24.400002,5.04],"to":[8.4,26.0,6.24],"rotation":{"angle":22.5,"axis":"x","origin":[8.0,25.6,5.2]},"faces":{"east":{"uv":[8.9375,2.625,9.125,2.875],"rotation":0,"texture":"#0","tintindex":0},"south":{"uv":[9.4375,2.625,9.5625,2.875],"rotation":0,"texture":"#0","tintindex":0},"north":{"uv":[9.125,2.625,9.25,2.875],"rotation":0,"texture":"#0","tintindex":0},"west":{"uv":[9.25,2.625,9.4375,2.875],"rotation":0,"texture":"#0","tintindex":0},"up":{"uv":[9.25,2.625,9.125,2.4375],"rotation":0,"texture":"#0","tintindex":0},"down":{"uv":[9.375,2.4375,9.25,2.625],"rotation":0,"texture":"#0","tintindex":0}}},{"from":[6.4,14.318863,7.506036],"to":[7.6,16.318863,7.506036],"rotation":{"angle":45.0,"axis":"x","origin":[8.0,24.278862,6.746036]},"faces":{"east":{"uv":[5.5,0.0625,5.5,0.375],"rotation":0,"texture":"#0","tintindex":0},"south":{"uv":[5.6875,0.0625,5.5,0.375],"rotation":0,"texture":"#0","tintindex":0},"north":{"uv":[5.5,0.0625,5.3125,0.375],"rotation":0,"texture":"#0","tintindex":0},"west":{"uv":[5.3125,0.0625,5.3125,0.375],"rotation":0,"texture":"#0","tintindex":0},"up":{"uv":[5.3125,0.0625,5.5,0.0625],"rotation":0,"texture":"#0","tintindex":0},"down":{"uv":[5.5,0.0625,5.6875,0.0625],"rotation":0,"texture":"#0","tintindex":0}}},{"from":[6.4,20.318863,7.506036],"to":[7.6,22.318863,7.506036],"rotation":{"angle":45.0,"axis":"x","origin":[8.0,24.278862,6.746036]},"faces":{"east":{"uv":[5.5,0.0625,5.5,0.375],"rotation":0,"texture":"#0","tintindex":0},"south":{"uv":[5.6875,0.0625,5.5,0.375],"rotation":0,"texture":"#0","tintindex":0},"north":{"uv":[5.5,0.0625,5.3125,0.375],"rotation":0,"texture":"#0","tintindex":0},"west":{"uv":[5.3125,0.0625,5.3125,0.375],"rotation":0,"texture":"#0","tintindex":0},"up":{"uv":[5.3125,0.0625,5.5,0.0625],"rotation":0,"texture":"#0","tintindex":0},"down":{"uv":[5.5,0.0625,5.6875,0.0625],"rotation":0,"texture":"#0","tintindex":0}}},{"from":[6.4,18.318863,7.506036],"to":[7.6,20.318863,7.506036],"rotation":{"angle":45.0,"axis":"x","origin":[8.0,24.278862,6.746036]},"faces":{"east":{"uv":[5.5,0.0625,5.5,0.375],"rotation":0,"texture":"#0","tintindex":0},"south":{"uv":[5.6875,0.0625,5.5,0.375],"rotation":0,"texture":"#0","tintindex":0},"north":{"uv":[5.5,0.0625,5.3125,0.375],"rotation":0,"texture":"#0","tintindex":0},"west":{"uv":[5.3125,0.0625,5.3125,0.375],"rotation":0,"texture":"#0","tintindex":0},"up":{"uv":[5.3125,0.0625,5.5,0.0625],"rotation":0,"texture":"#0","tintindex":0},"down":{"uv":[5.5,0.0625,5.6875,0.0625],"rotation":0,"texture":"#0","tintindex":0}}},{"from":[6.4,16.318863,7.506036],"to":[7.6,18.318863,7.506036],"rotation":{"angle":45.0,"axis":"x","origin":[8.0,24.278862,6.746036]},"faces":{"east":{"uv":[5.5,0.0625,5.5,0.375],"rotation":0,"texture":"#0","tintindex":0},"south":{"uv":[5.6875,0.0625,5.5,0.375],"rotation":0,"texture":"#0","tintindex":0},"north":{"uv":[5.5,0.0625,5.3125,0.375],"rotation":0,"texture":"#0","tintindex":0},"west":{"uv":[5.3125,0.0625,5.3125,0.375],"rotation":0,"texture":"#0","tintindex":0},"up":{"uv":[5.3125,0.0625,5.5,0.0625],"rotation":0,"texture":"#0","tintindex":0},"down":{"uv":[5.5,0.0625,5.6875,0.0625],"rotation":0,"texture":"#0","tintindex":0}}}],"display":{"head":{"translation":[0.0,3.1999984,0.0],"scale":[4.0,4.0,4.0]}}}