{"textures":{"0":"modelengine:entity/reibarro"},"elements":[{"from":[6.857143,1.1428566,6.857143],"to":[9.142858,8.0,9.142858],"rotation":{"angle":0.0,"axis":"y","origin":[6.857143,1.1428566,8.0]},"faces":{"east":{"uv":[0.75,1.625,0.5,2.375],"rotation":0,"texture":"#0","tintindex":0},"south":{"uv":[1.0,1.625,0.75,2.375],"rotation":0,"texture":"#0","tintindex":0},"north":{"uv":[0.5,1.625,0.25,2.375],"rotation":0,"texture":"#0","tintindex":0},"west":{"uv":[0.25,1.625,0.0,2.375],"rotation":0,"texture":"#0","tintindex":0},"up":{"uv":[0.25,1.625,0.5,1.375],"rotation":0,"texture":"#0","tintindex":0},"down":{"uv":[0.5,1.375,0.75,1.625],"rotation":0,"texture":"#0","tintindex":0}}}],"display":{"head":{"translation":[0.0,-6.4,0.0],"scale":[4.0,4.0,4.0]}}}