{"textures":{"0":"modelengine:entity/asdasdads"},"elements":[{"from":[6.285714,2.2857141,6.857143],"to":[8.571428,9.142858,9.142858],"rotation":{"angle":0.0,"axis":"y","origin":[10.857143,-4.5714293,8.0]},"faces":{"east":{"uv":[13.0,10.0,12.0,16.0],"rotation":0,"texture":"#0","tintindex":0},"south":{"uv":[14.0,10.0,13.0,16.0],"rotation":0,"texture":"#0","tintindex":0},"north":{"uv":[12.0,10.0,11.0,16.0],"rotation":0,"texture":"#0","tintindex":0},"west":{"uv":[11.0,10.0,10.0,16.0],"rotation":0,"texture":"#0","tintindex":0},"up":{"uv":[11.0,10.0,12.0,8.0],"rotation":0,"texture":"#0","tintindex":0},"down":{"uv":[12.0,8.0,13.0,10.0],"rotation":0,"texture":"#0","tintindex":0}}}],"display":{"head":{"translation":[0.0,-6.4,0.0],"scale":[4.0,4.0,4.0]}}}