{"textures":{"0":"modelengine:entity/asdasdads"},"elements":[{"from":[7.428571,2.2857141,6.857143],"to":[9.714286,9.142858,9.142858],"rotation":{"angle":0.0,"axis":"y","origin":[5.142857,-4.5714293,8.0]},"faces":{"east":{"uv":[10.0,10.0,11.0,16.0],"rotation":0,"texture":"#0","tintindex":0},"south":{"uv":[13.0,10.0,14.0,16.0],"rotation":0,"texture":"#0","tintindex":0},"north":{"uv":[11.0,10.0,12.0,16.0],"rotation":0,"texture":"#0","tintindex":0},"west":{"uv":[12.0,10.0,13.0,16.0],"rotation":0,"texture":"#0","tintindex":0},"up":{"uv":[12.0,10.0,11.0,8.0],"rotation":0,"texture":"#0","tintindex":0},"down":{"uv":[13.0,8.0,12.0,10.0],"rotation":0,"texture":"#0","tintindex":0}}}],"display":{"head":{"translation":[0.0,-6.4,0.0],"scale":[4.0,4.0,4.0]}}}