{
    "groups": [{
        "name": "arms",
        "color": 0,
        "children": [
            0,
            1,
            2,
            3
        ],
        "origin": [
            0,
            11.99625,
            -0.57125
        ]
    }],
    "textures": {"0": "dmodels/model/asdasd"},
    "elements": [
        {
            "name": "arms",
            "from": [
                -2.285,
                -3.4275,
                -1.1425
            ],
            "to": [
                2.285,
                -1.1425,
                1.1425
            ],
            "faces": {
                "west": {
                    "uv": [
                        8.32,
                        10.5,
                        8.96,
                        11.5
                    ],
                    "texture": "#0"
                },
                "east": {
                    "uv": [
                        6.4,
                        10.5,
                        7.04,
                        11.5
                    ],
                    "texture": "#0"
                },
                "up": {
                    "uv": [
                        8.32,
                        10.5,
                        7.04,
                        9.5
                    ],
                    "texture": "#0"
                },
                "south": {
                    "uv": [
                        8.96,
                        10.5,
                        10.24,
                        11.5
                    ],
                    "texture": "#0"
                },
                "down": {
                    "uv": [
                        9.6,
                        9.5,
                        8.32,
                        10.5
                    ],
                    "texture": "#0"
                },
                "north": {
                    "uv": [
                        7.04,
                        10.5,
                        8.32,
                        11.5
                    ],
                    "texture": "#0"
                }
            },
            "rotation": {
                "axis": "y",
                "angle": 0,
                "origin": [
                    0,
                    -11.99625,
                    0.57125
                ]
            }
        },
        {
            "name": "arms2",
            "from": [
                2.285,
                -3.4275,
                -1.1425
            ],
            "to": [
                4.57,
                1.1425,
                1.1425
            ],
            "faces": {
                "west": {
                    "uv": [
                        8.32,
                        6.5,
                        8.96,
                        8.5
                    ],
                    "texture": "#0"
                },
                "east": {
                    "uv": [
                        7.04,
                        6.5,
                        7.68,
                        8.5
                    ],
                    "texture": "#0"
                },
                "up": {
                    "uv": [
                        8.32,
                        6.5,
                        7.68,
                        5.5
                    ],
                    "texture": "#0"
                },
                "south": {
                    "uv": [
                        8.96,
                        6.5,
                        9.6,
                        8.5
                    ],
                    "texture": "#0"
                },
                "down": {
                    "uv": [
                        8.96,
                        5.5,
                        8.32,
                        6.5
                    ],
                    "texture": "#0"
                },
                "north": {
                    "uv": [
                        7.68,
                        6.5,
                        8.32,
                        8.5
                    ],
                    "texture": "#0"
                }
            },
            "rotation": {
                "axis": "y",
                "angle": 0,
                "origin": [
                    0,
                    -11.99625,
                    0.57125
                ]
            }
        },
        {
            "name": "arms3",
            "from": [
                -4.57,
                -3.4275,
                -1.1425
            ],
            "to": [
                -2.285,
                1.1425,
                1.1425
            ],
            "faces": {
                "west": {
                    "uv": [
                        7.68,
                        6.5,
                        7.04,
                        8.5
                    ],
                    "texture": "#0"
                },
                "east": {
                    "uv": [
                        8.96,
                        6.5,
                        8.32,
                        8.5
                    ],
                    "texture": "#0"
                },
                "up": {
                    "uv": [
                        7.68,
                        6.5,
                        8.32,
                        5.5
                    ],
                    "texture": "#0"
                },
                "south": {
                    "uv": [
                        9.6,
                        6.5,
                        8.96,
                        8.5
                    ],
                    "texture": "#0"
                },
                "down": {
                    "uv": [
                        8.32,
                        5.5,
                        8.96,
                        6.5
                    ],
                    "texture": "#0"
                },
                "north": {
                    "uv": [
                        8.32,
                        6.5,
                        7.68,
                        8.5
                    ],
                    "texture": "#0"
                }
            },
            "rotation": {
                "axis": "y",
                "angle": 0,
                "origin": [
                    0,
                    -11.99625,
                    0.57125
                ]
            }
        }
    ],
    "display": {"head": {
        "translation": [
            32,
            25,
            32
        ],
        "scale": [
            4,
            4,
            4
        ]
    }}
}