{
    "groups": [{
        "name": "leg1",
        "color": 0,
        "children": [
            0,
            1
        ],
        "origin": [
            -1.1425,
            6.855,
            0
        ]
    }],
    "textures": {"0": "dmodels/model/asdasd"},
    "elements": [{
        "name": "leg1",
        "from": [
            -1.1425,
            -6.855,
            -1.1425
        ],
        "to": [
            1.1425,
            0,
            1.1425
        ],
        "faces": {
            "west": {
                "uv": [
                    1.28,
                    6.5,
                    1.92,
                    9.5
                ],
                "texture": "#0"
            },
            "east": {
                "uv": [
                    0,
                    6.5,
                    0.64,
                    9.5
                ],
                "texture": "#0"
            },
            "up": {
                "uv": [
                    1.28,
                    6.5,
                    0.64,
                    5.5
                ],
                "texture": "#0"
            },
            "south": {
                "uv": [
                    1.92,
                    6.5,
                    2.56,
                    9.5
                ],
                "texture": "#0"
            },
            "down": {
                "uv": [
                    1.92,
                    5.5,
                    1.28,
                    6.5
                ],
                "texture": "#0"
            },
            "north": {
                "uv": [
                    0.64,
                    6.5,
                    1.28,
                    9.5
                ],
                "texture": "#0"
            }
        },
        "rotation": {
            "axis": "y",
            "angle": 0,
            "origin": [
                1.1425,
                -6.855,
                0
            ]
        }
    }],
    "display": {"head": {
        "translation": [
            32,
            25,
            32
        ],
        "scale": [
            4,
            4,
            4
        ]
    }}
}