{
    "groups": [{
        "name": "livro_auto_cube4",
        "color": 0,
        "children": [
            0,
            1
        ],
        "origin": [
            0,
            6.28375,
            -7.9975000000000005
        ]
    }],
    "textures": {"0": "dmodels/model/asdasd"},
    "elements": [{
        "name": "cube4",
        "from": [
            -4.912750000000001,
            0.7997499999999992,
            -1.71375
        ],
        "to": [
            -0.34275,
            1.3709999999999993,
            4.57
        ],
        "faces": {
            "west": {
                "uv": [
                    13.44,
                    5,
                    10.88,
                    5.25
                ],
                "texture": "#0"
            },
            "east": {
                "uv": [
                    13.44,
                    4.75,
                    10.88,
                    5
                ],
                "texture": "#0"
            },
            "up": {
                "uv": [
                    10.88,
                    4.5,
                    12.16,
                    0.5
                ],
                "texture": "#0"
            },
            "south": {
                "uv": [
                    12.16,
                    4.5,
                    10.88,
                    4.75
                ],
                "texture": "#0"
            },
            "down": {
                "uv": [
                    12.16,
                    0.5,
                    13.44,
                    4.5
                ],
                "texture": "#0"
            },
            "north": {
                "uv": [
                    13.44,
                    4.5,
                    12.16,
                    4.75
                ],
                "texture": "#0"
            }
        },
        "rotation": {
            "axis": "y",
            "angle": 0,
            "origin": [
                0,
                -6.28375,
                7.9975000000000005
            ]
        }
    }],
    "display": {"head": {
        "translation": [
            32,
            25,
            32
        ],
        "scale": [
            4,
            4,
            4
        ]
    }}
}