{
    "groups": [{
        "name": "livro_auto_cube2",
        "color": 0,
        "children": [
            0,
            1
        ],
        "origin": [
            0,
            6.28375,
            -7.9975000000000005
        ]
    }],
    "textures": {"0": "dmodels/model/asdasd"},
    "elements": [{
        "name": "cube2",
        "from": [
            0.34275,
            1.1425,
            -1.1425
        ],
        "to": [
            4.341500000000001,
            1.71375,
            3.9987500000000002
        ],
        "faces": {
            "west": {
                "uv": [
                    11.2,
                    9,
                    13.44,
                    9.25
                ],
                "texture": "#0"
            },
            "east": {
                "uv": [
                    11.2,
                    9.25,
                    13.44,
                    9.5
                ],
                "texture": "#0"
            },
            "up": {
                "uv": [
                    12.32,
                    8.75,
                    11.2,
                    5.25
                ],
                "texture": "#0"
            },
            "south": {
                "uv": [
                    12.32,
                    8.75,
                    13.44,
                    9
                ],
                "texture": "#0"
            },
            "down": {
                "uv": [
                    13.44,
                    5.25,
                    12.32,
                    8.75
                ],
                "texture": "#0"
            },
            "north": {
                "uv": [
                    11.2,
                    8.75,
                    12.32,
                    9
                ],
                "texture": "#0"
            }
        },
        "rotation": {
            "axis": "y",
            "angle": 0,
            "origin": [
                0,
                -6.28375,
                7.9975000000000005
            ]
        }
    }],
    "display": {"head": {
        "translation": [
            32,
            25,
            32
        ],
        "scale": [
            4,
            4,
            4
        ]
    }}
}