{
    "groups": [{
        "name": "livro",
        "color": 0,
        "children": [
            0,
            1
        ],
        "origin": [
            0,
            6.28375,
            -7.9975000000000005
        ]
    }],
    "textures": {"0": "dmodels/model/asdasd"},
    "elements": [{
        "name": "cube",
        "from": [
            -0.57125,
            0.57125,
            -1.71375
        ],
        "to": [
            0.57125,
            1.1425,
            4.57
        ],
        "faces": {
            "west": {
                "uv": [
                    10.88,
                    0.25,
                    13.44,
                    0.5
                ],
                "texture": "#0"
            },
            "east": {
                "uv": [
                    10.88,
                    0,
                    13.44,
                    0.25
                ],
                "texture": "#0"
            },
            "up": {
                "uv": [
                    13.76,
                    4.25,
                    13.44,
                    0.25
                ],
                "texture": "#0"
            },
            "south": {
                "uv": [
                    13.76,
                    0,
                    14.08,
                    0.25
                ],
                "texture": "#0"
            },
            "down": {
                "uv": [
                    14.08,
                    0.25,
                    13.76,
                    4.25
                ],
                "texture": "#0"
            },
            "north": {
                "uv": [
                    13.44,
                    0,
                    13.76,
                    0.25
                ],
                "texture": "#0"
            }
        },
        "rotation": {
            "axis": "y",
            "angle": 0,
            "origin": [
                0,
                0,
                0
            ]
        }
    }],
    "display": {"head": {
        "translation": [
            32,
            25,
            32
        ],
        "scale": [
            4,
            4,
            4
        ]
    }}
}