{
    "groups": [{
        "name": "nose",
        "color": 0,
        "children": [
            0,
            1
        ],
        "origin": [
            0,
            14.852500000000001,
            0
        ]
    }],
    "textures": {"0": "dmodels/model/asdasd"},
    "elements": [{
        "name": "nose",
        "from": [
            -0.57125,
            -1.71375,
            -3.4275
        ],
        "to": [
            0.57125,
            0.57125,
            -2.285
        ],
        "faces": {
            "west": {
                "uv": [
                    4.48,
                    0.5,
                    4.8,
                    1.5
                ],
                "texture": "#0"
            },
            "east": {
                "uv": [
                    3.84,
                    0.5,
                    4.16,
                    1.5
                ],
                "texture": "#0"
            },
            "up": {
                "uv": [
                    4.48,
                    0.5,
                    4.16,
                    0
                ],
                "texture": "#0"
            },
            "south": {
                "uv": [
                    4.8,
                    0.5,
                    5.12,
                    1.5
                ],
                "texture": "#0"
            },
            "down": {
                "uv": [
                    4.8,
                    0,
                    4.48,
                    0.5
                ],
                "texture": "#0"
            },
            "north": {
                "uv": [
                    4.16,
                    0.5,
                    4.48,
                    1.5
                ],
                "texture": "#0"
            }
        },
        "rotation": {
            "axis": "y",
            "angle": 0,
            "origin": [
                0,
                -14.852500000000001,
                0
            ]
        }
    }],
    "display": {"head": {
        "translation": [
            32,
            25,
            32
        ],
        "scale": [
            4,
            4,
            4
        ]
    }}
}