{
    "groups": [{
        "name": "bracoaqua2",
        "color": 0,
        "children": [
            0,
            1
        ],
        "origin": [
            3.4275,
            5.7125,
            -1.71375
        ]
    }],
    "textures": {"0": "dmodels/bixo4/texture"},
    "elements": [{
        "name": "bracoaqua2",
        "from": [
            -1.2567500000000007,
            -1.0282500000000006,
            -3.7131250000000002
        ],
        "to": [
            1.3138750000000006,
            1.428125,
            0.285625
        ],
        "faces": {
            "west": {
                "uv": [
                    12.375,
                    2.75,
                    13.25,
                    3.25
                ],
                "texture": "#0"
            },
            "east": {
                "uv": [
                    11,
                    2.75,
                    11.875,
                    3.25
                ],
                "texture": "#0"
            },
            "up": {
                "uv": [
                    12.375,
                    2.75,
                    11.875,
                    1.875
                ],
                "texture": "#0"
            },
            "south": {
                "uv": [
                    13.25,
                    2.75,
                    13.75,
                    3.25
                ],
                "texture": "#0"
            },
            "down": {
                "uv": [
                    12.875,
                    1.875,
                    12.375,
                    2.75
                ],
                "texture": "#0"
            },
            "north": {
                "uv": [
                    11.875,
                    2.75,
                    12.375,
                    3.25
                ],
                "texture": "#0"
            }
        },
        "rotation": {
            "axis": "y",
            "angle": 0,
            "origin": [
                0,
                0,
                0
            ]
        }
    }],
    "display": {"head": {
        "translation": [
            32,
            25,
            32
        ],
        "scale": [
            4,
            4,
            4
        ]
    }}
}