{
    "groups": [{
        "name": "bracodireito",
        "color": 0,
        "children": [
            0,
            1,
            2
        ],
        "origin": [
            3.4275,
            12.5675,
            0
        ]
    }],
    "textures": {"0": "dmodels/bixo4/texture"},
    "elements": [
        {
            "name": "bracodireito1",
            "from": [
                -1.1425000000000005,
                -5.7125,
                -1.1425
            ],
            "to": [
                1.1425,
                1.1425,
                1.1425
            ],
            "faces": {
                "west": {
                    "uv": [
                        1,
                        5,
                        1.5,
                        6.5
                    ],
                    "texture": "#0"
                },
                "east": {
                    "uv": [
                        0,
                        5,
                        0.5,
                        6.5
                    ],
                    "texture": "#0"
                },
                "up": {
                    "uv": [
                        1,
                        5,
                        0.5,
                        4.5
                    ],
                    "texture": "#0"
                },
                "south": {
                    "uv": [
                        1.5,
                        5,
                        2,
                        6.5
                    ],
                    "texture": "#0"
                },
                "down": {
                    "uv": [
                        1.5,
                        4.5,
                        1,
                        5
                    ],
                    "texture": "#0"
                },
                "north": {
                    "uv": [
                        0.5,
                        5,
                        1,
                        6.5
                    ],
                    "texture": "#0"
                }
            },
            "rotation": {
                "axis": "y",
                "angle": 0,
                "origin": [
                    -1.1425,
                    0,
                    0
                ]
            }
        },
        {
            "name": "bracodireito2",
            "from": [
                -1.2567499999999996,
                -4.57,
                -1.2567500000000003
            ],
            "to": [
                1.3138749999999995,
                -0.57125,
                1.313875
            ],
            "faces": {
                "west": {
                    "uv": [
                        7,
                        3.875,
                        7.5,
                        4.75
                    ],
                    "texture": "#0"
                },
                "east": {
                    "uv": [
                        6,
                        3.875,
                        6.5,
                        4.75
                    ],
                    "texture": "#0"
                },
                "up": {
                    "uv": [
                        7,
                        3.875,
                        6.5,
                        3.375
                    ],
                    "texture": "#0"
                },
                "south": {
                    "uv": [
                        7.5,
                        3.875,
                        8,
                        4.75
                    ],
                    "texture": "#0"
                },
                "down": {
                    "uv": [
                        7.5,
                        3.375,
                        7,
                        3.875
                    ],
                    "texture": "#0"
                },
                "north": {
                    "uv": [
                        6.5,
                        3.875,
                        7,
                        4.75
                    ],
                    "texture": "#0"
                }
            },
            "rotation": {
                "axis": "y",
                "angle": 0,
                "origin": [
                    -3.4275,
                    -12.5675,
                    0
                ]
            }
        }
    ],
    "display": {"head": {
        "translation": [
            32,
            25,
            32
        ],
        "scale": [
            4,
            4,
            4
        ]
    }}
}