{
    "groups": [{
        "name": "bracoaqua1",
        "color": 0,
        "children": [
            0,
            1
        ],
        "origin": [
            3.4275,
            7.9975000000000005,
            0
        ]
    }],
    "textures": {"0": "dmodels/bixo4/texture"},
    "elements": [{
        "name": "bracoaqua1",
        "from": [
            -1.313875,
            -3.4275,
            -1.313875
        ],
        "to": [
            1.3709999999999993,
            0.57125,
            1.3709999999999998
        ],
        "faces": {
            "west": {
                "uv": [
                    9.5,
                    0.5,
                    10,
                    1.375
                ],
                "texture": "#0"
            },
            "east": {
                "uv": [
                    8.5,
                    0.5,
                    9,
                    1.375
                ],
                "texture": "#0"
            },
            "up": {
                "uv": [
                    9.5,
                    0.5,
                    9,
                    0
                ],
                "texture": "#0"
            },
            "south": {
                "uv": [
                    10,
                    0.5,
                    10.5,
                    1.375
                ],
                "texture": "#0"
            },
            "down": {
                "uv": [
                    10,
                    0,
                    9.5,
                    0.5
                ],
                "texture": "#0"
            },
            "north": {
                "uv": [
                    9,
                    0.5,
                    9.5,
                    1.375
                ],
                "texture": "#0"
            }
        },
        "rotation": {
            "axis": "x",
            "angle": 45,
            "origin": [
                0,
                0,
                0
            ]
        }
    }],
    "display": {"head": {
        "translation": [
            32,
            25,
            32
        ],
        "scale": [
            4,
            4,
            4
        ]
    }}
}