{
    "groups": [{
        "name": "h_chifreB2",
        "color": 0,
        "children": [
            0,
            1
        ],
        "origin": [
            -1.428125,
            19.708125000000003,
            -3.4275
        ]
    }],
    "textures": {"0": "dmodels/bixo4/texture"},
    "elements": [{
        "name": "chifreB2",
        "from": [
            -0.6854999999999997,
            -0.48556250000000084,
            0.11425000000000012
        ],
        "to": [
            1.0282499999999999,
            0.6569374999999992,
            3.5417500000000013
        ],
        "faces": {
            "west": {
                "uv": [
                    5.125,
                    7.25,
                    5.875,
                    7.5
                ],
                "texture": "#0"
            },
            "east": {
                "uv": [
                    4,
                    7.25,
                    4.75,
                    7.5
                ],
                "texture": "#0"
            },
            "up": {
                "uv": [
                    5.125,
                    7.25,
                    4.75,
                    6.5
                ],
                "texture": "#0"
            },
            "south": {
                "uv": [
                    5.875,
                    7.25,
                    6.25,
                    7.5
                ],
                "texture": "#0"
            },
            "down": {
                "uv": [
                    5.5,
                    6.5,
                    5.125,
                    7.25
                ],
                "texture": "#0"
            },
            "north": {
                "uv": [
                    4.75,
                    7.25,
                    5.125,
                    7.5
                ],
                "texture": "#0"
            }
        },
        "rotation": {
            "axis": "z",
            "angle": 22.5,
            "origin": [
                0.57125,
                -0.2284999999999992,
                0.285625
            ]
        }
    }],
    "display": {"head": {
        "translation": [
            32,
            25,
            32
        ],
        "scale": [
            4,
            4,
            4
        ]
    }}
}