{
    "groups": [{
        "name": "h_chifreB1",
        "color": 0,
        "children": [
            0,
            1
        ],
        "origin": [
            -1.428125,
            18.28,
            -1.71375
        ]
    }],
    "textures": {"0": "dmodels/bixo4/texture"},
    "elements": [{
        "name": "chifreB1",
        "from": [
            -0.8597733706348532,
            -0.7185013986941817,
            -0.28551714121107724
        ],
        "to": [
            0.8539766293651474,
            2.7089986013058227,
            1.4282328587889228
        ],
        "faces": {
            "west": {
                "uv": [
                    0.75,
                    6.875,
                    1.125,
                    7.625
                ],
                "texture": "#0"
            },
            "east": {
                "uv": [
                    0,
                    6.875,
                    0.375,
                    7.625
                ],
                "texture": "#0"
            },
            "up": {
                "uv": [
                    0.75,
                    6.875,
                    0.375,
                    6.5
                ],
                "texture": "#0"
            },
            "south": {
                "uv": [
                    1.125,
                    6.875,
                    1.5,
                    7.625
                ],
                "texture": "#0"
            },
            "down": {
                "uv": [
                    1.125,
                    6.5,
                    0.75,
                    6.875
                ],
                "texture": "#0"
            },
            "north": {
                "uv": [
                    0.375,
                    6.875,
                    0.75,
                    7.625
                ],
                "texture": "#0"
            }
        },
        "rotation": {
            "axis": "x",
            "angle": -45,
            "origin": [
                -0.34274999999999983,
                -0.6569374999999871,
                0.34275000000000005
            ]
        }
    }],
    "display": {"head": {
        "translation": [
            32,
            25,
            32
        ],
        "scale": [
            4,
            4,
            4
        ]
    }}
}