{
    "groups": [{
        "name": "h_chifreA2",
        "color": 0,
        "children": [
            0,
            1
        ],
        "origin": [
            1.428125,
            19.708125000000003,
            -3.4275
        ]
    }],
    "textures": {"0": "dmodels/bixo4/texture"},
    "elements": [{
        "name": "chifreA2",
        "from": [
            -1.0282499999999999,
            -0.5426874999999975,
            0.3998749999999996
        ],
        "to": [
            0.6855000000000001,
            0.5998125000000025,
            3.827375
        ],
        "faces": {
            "west": {
                "uv": [
                    7.875,
                    7.25,
                    8.625,
                    7.5
                ],
                "texture": "#0"
            },
            "east": {
                "uv": [
                    6.75,
                    7.25,
                    7.5,
                    7.5
                ],
                "texture": "#0"
            },
            "up": {
                "uv": [
                    7.875,
                    7.25,
                    7.5,
                    6.5
                ],
                "texture": "#0"
            },
            "south": {
                "uv": [
                    8.625,
                    7.25,
                    9,
                    7.5
                ],
                "texture": "#0"
            },
            "down": {
                "uv": [
                    8.25,
                    6.5,
                    7.875,
                    7.25
                ],
                "texture": "#0"
            },
            "north": {
                "uv": [
                    7.5,
                    7.25,
                    7.875,
                    7.5
                ],
                "texture": "#0"
            }
        },
        "rotation": {
            "axis": "z",
            "angle": -22.5,
            "origin": [
                -0.57125,
                -0.1428125,
                -0.285625
            ]
        }
    }],
    "display": {"head": {
        "translation": [
            32,
            25,
            32
        ],
        "scale": [
            4,
            4,
            4
        ]
    }}
}