{
    "groups": [{
        "name": "h_chifreA1",
        "color": 0,
        "children": [
            0,
            1
        ],
        "origin": [
            1.428125,
            18.28,
            -1.71375
        ]
    }],
    "textures": {"0": "dmodels/bixo4/texture"},
    "elements": [{
        "name": "chifreA1",
        "from": [
            -0.8169739103111754,
            -0.474160755497043,
            -0.33097087184465007
        ],
        "to": [
            0.8967760896888237,
            2.9533392445029554,
            1.38277912815535
        ],
        "faces": {
            "west": {
                "uv": [
                    7.75,
                    0.375,
                    8.125,
                    1.125
                ],
                "texture": "#0"
            },
            "east": {
                "uv": [
                    7,
                    0.375,
                    7.375,
                    1.125
                ],
                "texture": "#0"
            },
            "up": {
                "uv": [
                    7.75,
                    0.375,
                    7.375,
                    0
                ],
                "texture": "#0"
            },
            "south": {
                "uv": [
                    8.125,
                    0.375,
                    8.5,
                    1.125
                ],
                "texture": "#0"
            },
            "down": {
                "uv": [
                    8.125,
                    0,
                    7.75,
                    0.375
                ],
                "texture": "#0"
            },
            "north": {
                "uv": [
                    7.375,
                    0.375,
                    7.75,
                    1.125
                ],
                "texture": "#0"
            }
        },
        "rotation": {
            "axis": "x",
            "angle": -45,
            "origin": [
                0.285625,
                -0.5141249999999891,
                0.57125
            ]
        }
    }],
    "display": {"head": {
        "translation": [
            32,
            25,
            32
        ],
        "scale": [
            4,
            4,
            4
        ]
    }}
}