{
    "groups": [{
        "name": "a",
        "color": 0,
        "children": [
            0,
            1,
            2,
            3,
            4,
            5,
            6
        ],
        "origin": [
            0,
            0,
            0
        ]
    }],
    "textures": {
        "0": "dmodels/cflogo2/stiched_texture copy",
        "1": "dmodels/cflogo2/castle"
    },
    "elements": [
        {
            "name": "cube15",
            "from": [
                6.729325,
                7.4376750000000005,
                -1.4167
            ],
            "to": [
                12.396125,
                13.104475,
                1.4167
            ],
            "faces": {
                "west": {
                    "uv": [
                        0,
                        0,
                        0,
                        0
                    ],
                    "texture": "#null"
                },
                "east": {
                    "uv": [
                        0,
                        0,
                        0,
                        0
                    ],
                    "texture": "#null"
                },
                "up": {
                    "uv": [
                        1.056,
                        0.8,
                        0.544,
                        0
                    ],
                    "texture": "#1"
                },
                "south": {
                    "uv": [
                        1.056,
                        0.8,
                        0.544,
                        2.4000000000000004
                    ],
                    "texture": "#1"
                },
                "down": {
                    "uv": [
                        1.056,
                        3.2,
                        0.544,
                        2.4000000000000004
                    ],
                    "texture": "#1"
                },
                "north": {
                    "uv": [
                        0.544,
                        0.8,
                        1.056,
                        2.4000000000000004
                    ],
                    "texture": "#1"
                }
            },
            "rotation": {
                "axis": "y",
                "angle": 0,
                "origin": [
                    0,
                    0,
                    0
                ]
            }
        },
        {
            "name": "cube16",
            "from": [
                11.687775000000002,
                12.396125,
                -1.7708750000000002
            ],
            "to": [
                12.750300000000001,
                13.45865,
                1.7708750000000002
            ],
            "faces": {
                "west": {
                    "uv": [
                        0,
                        10.65,
                        0.016,
                        10.700000000000001
                    ],
                    "texture": "#1"
                },
                "east": {
                    "uv": [
                        0,
                        0,
                        0,
                        0
                    ],
                    "texture": "#null"
                },
                "up": {
                    "uv": [
                        0,
                        0,
                        0,
                        0
                    ],
                    "texture": "#null"
                },
                "south": {
                    "uv": [
                        0,
                        0,
                        0,
                        0
                    ],
                    "texture": "#null"
                },
                "down": {
                    "uv": [
                        0,
                        10.65,
                        0.016,
                        10.700000000000001
                    ],
                    "texture": "#1"
                },
                "north": {
                    "uv": [
                        0,
                        0,
                        0,
                        0
                    ],
                    "texture": "#null"
                }
            },
            "rotation": {
                "axis": "y",
                "angle": 0,
                "origin": [
                    0,
                    0,
                    0
                ]
            }
        },
        {
            "name": "cube17",
            "from": [
                6.3751500000000005,
                12.396125,
                -1.7708750000000002
            ],
            "to": [
                7.4376750000000005,
                13.45865,
                1.7708750000000002
            ],
            "faces": {
                "west": {
                    "uv": [
                        0,
                        0,
                        0,
                        0
                    ],
                    "texture": "#null"
                },
                "east": {
                    "uv": [
                        0,
                        10.65,
                        0.016,
                        10.700000000000001
                    ],
                    "texture": "#1"
                },
                "up": {
                    "uv": [
                        0,
                        0,
                        0,
                        0
                    ],
                    "texture": "#null"
                },
                "south": {
                    "uv": [
                        0,
                        0,
                        0,
                        0
                    ],
                    "texture": "#null"
                },
                "down": {
                    "uv": [
                        0,
                        10.65,
                        0.016,
                        10.700000000000001
                    ],
                    "texture": "#1"
                },
                "north": {
                    "uv": [
                        0,
                        0,
                        0,
                        0
                    ],
                    "texture": "#null"
                }
            },
            "rotation": {
                "axis": "y",
                "angle": 0,
                "origin": [
                    0,
                    0,
                    0
                ]
            }
        },
        {
            "name": "cube18",
            "from": [
                8.5002,
                7.083500000000001,
                -1.7708750000000002
            ],
            "to": [
                10.625250000000001,
                8.146025,
                1.7708750000000002
            ],
            "faces": {
                "west": {
                    "uv": [
                        0,
                        10.65,
                        0.016,
                        10.700000000000001
                    ],
                    "texture": "#1"
                },
                "east": {
                    "uv": [
                        0,
                        10.65,
                        0.016,
                        10.700000000000001
                    ],
                    "texture": "#1"
                },
                "up": {
                    "uv": [
                        0,
                        10.65,
                        0.016,
                        10.700000000000001
                    ],
                    "texture": "#1"
                },
                "south": {
                    "uv": [
                        0,
                        0,
                        0,
                        0
                    ],
                    "texture": "#null"
                },
                "down": {
                    "uv": [
                        0,
                        0,
                        0,
                        0
                    ],
                    "texture": "#null"
                },
                "north": {
                    "uv": [
                        0,
                        0,
                        0,
                        0
                    ],
                    "texture": "#null"
                }
            },
            "rotation": {
                "axis": "y",
                "angle": 0,
                "origin": [
                    0,
                    0,
                    0
                ]
            }
        },
        {
            "name": "cube19",
            "from": [
                8.5002,
                10.271075000000002,
                -1.7708750000000002
            ],
            "to": [
                10.625250000000001,
                11.3336,
                1.7708750000000002
            ],
            "faces": {
                "west": {
                    "uv": [
                        0,
                        10.65,
                        0.016,
                        10.700000000000001
                    ],
                    "texture": "#1"
                },
                "east": {
                    "uv": [
                        0,
                        10.65,
                        0.016,
                        10.700000000000001
                    ],
                    "texture": "#1"
                },
                "up": {
                    "uv": [
                        0,
                        10.65,
                        0.016,
                        10.700000000000001
                    ],
                    "texture": "#1"
                },
                "south": {
                    "uv": [
                        0,
                        0,
                        0,
                        0
                    ],
                    "texture": "#null"
                },
                "down": {
                    "uv": [
                        0,
                        10.65,
                        0.016,
                        10.700000000000001
                    ],
                    "texture": "#1"
                },
                "north": {
                    "uv": [
                        0,
                        0,
                        0,
                        0
                    ],
                    "texture": "#null"
                }
            },
            "rotation": {
                "axis": "y",
                "angle": 0,
                "origin": [
                    0,
                    0,
                    0
                ]
            }
        },
        {
            "name": "cube20",
            "from": [
                12.750300000000001,
                13.45865,
                1.7708750000000002
            ],
            "to": [
                6.3751500000000005,
                7.083500000000001,
                -1.7708750000000002
            ],
            "faces": {
                "west": {
                    "uv": [
                        0.09600000000000002,
                        10.9,
                        0.11200000000000003,
                        10.600000000000001
                    ],
                    "texture": "#1"
                },
                "east": {
                    "uv": [
                        0.09600000000000002,
                        10.9,
                        0.11200000000000003,
                        10.600000000000001
                    ],
                    "texture": "#1"
                },
                "up": {
                    "uv": [
                        0.09600000000000002,
                        10.850000000000001,
                        0.19200000000000003,
                        10.9
                    ],
                    "texture": "#1"
                },
                "south": {
                    "uv": [
                        0.09600000000000002,
                        10.9,
                        0.19200000000000003,
                        10.600000000000001
                    ],
                    "texture": "#1"
                },
                "down": {
                    "uv": [
                        0.09600000000000002,
                        10.600000000000001,
                        0.19200000000000003,
                        10.65
                    ],
                    "texture": "#1"
                },
                "north": {
                    "uv": [
                        0.09600000000000002,
                        10.9,
                        0.19200000000000003,
                        10.600000000000001
                    ],
                    "texture": "#1"
                }
            },
            "rotation": {
                "axis": "y",
                "angle": 0,
                "origin": [
                    0,
                    0,
                    0
                ]
            }
        }
    ],
    "display": {"head": {
        "translation": [
            32,
            25,
            32
        ],
        "scale": [
            4,
            4,
            4
        ]
    }}
}