{
    "groups": [{
        "name": "body",
        "color": 0,
        "children": [
            0,
            1,
            2
        ],
        "origin": [
            0,
            21.13625,
            5.14125
        ]
    }],
    "textures": {
        "0": "dmodels/cflogo2/stiched_texture copy",
        "1": "dmodels/cflogo2/castle"
    },
    "elements": [
        {
            "name": "body",
            "from": [
                -2.285,
                -6.855,
                -1.71375
            ],
            "to": [
                2.285,
                0,
                1.71375
            ],
            "faces": {
                "west": {
                    "uv": [
                        4.8,
                        6.5,
                        5.76,
                        9.5
                    ],
                    "texture": "#0"
                },
                "east": {
                    "uv": [
                        2.56,
                        6.5,
                        3.52,
                        9.5
                    ],
                    "texture": "#0"
                },
                "up": {
                    "uv": [
                        4.96,
                        6.5,
                        3.52,
                        5
                    ],
                    "texture": "#0"
                },
                "south": {
                    "uv": [
                        5.76,
                        6.5,
                        6.88,
                        9.5
                    ],
                    "texture": "#0"
                },
                "down": {
                    "uv": [
                        6.08,
                        5,
                        4.96,
                        6.5
                    ],
                    "texture": "#0"
                },
                "north": {
                    "uv": [
                        3.52,
                        6.5,
                        4.8,
                        9.5
                    ],
                    "texture": "#0"
                }
            },
            "rotation": {
                "axis": "y",
                "angle": 0,
                "origin": [
                    0,
                    -13.71,
                    0
                ]
            }
        },
        {
            "name": "body2",
            "from": [
                -2.285,
                -10.2825,
                -1.71375
            ],
            "to": [
                2.285,
                0,
                1.71375
            ],
            "faces": {
                "west": {
                    "uv": [
                        2.24,
                        11,
                        3.2,
                        15.5
                    ],
                    "texture": "#0"
                },
                "east": {
                    "uv": [
                        0,
                        11,
                        0.96,
                        15.5
                    ],
                    "texture": "#0"
                },
                "up": {
                    "uv": [
                        2.4,
                        11,
                        0.96,
                        9.5
                    ],
                    "texture": "#0"
                },
                "south": {
                    "uv": [
                        3.2,
                        11,
                        4.48,
                        15.5
                    ],
                    "texture": "#0"
                },
                "down": {
                    "uv": [
                        3.52,
                        9.5,
                        2.4,
                        11
                    ],
                    "texture": "#0"
                },
                "north": {
                    "uv": [
                        0.96,
                        11,
                        2.24,
                        15.5
                    ],
                    "texture": "#0"
                }
            },
            "rotation": {
                "axis": "y",
                "angle": 0,
                "origin": [
                    0,
                    -13.71,
                    0
                ]
            }
        }
    ],
    "display": {"head": {
        "translation": [
            32,
            25,
            32
        ],
        "scale": [
            4,
            4,
            4
        ]
    }}
}