{
    "groups": [{
        "name": "c",
        "color": 0,
        "children": [
            0,
            1,
            2,
            3,
            4,
            5,
            6,
            7
        ],
        "origin": [
            0,
            0,
            0
        ]
    }],
    "textures": {
        "0": "dmodels/cflogo2/stiched_texture copy",
        "1": "dmodels/cflogo2/castle"
    },
    "elements": [
        {
            "name": "cube8",
            "from": [
                13.104475,
                7.4376750000000005,
                -1.4167
            ],
            "to": [
                18.771275,
                13.104475,
                1.4167
            ],
            "faces": {
                "west": {
                    "uv": [
                        0,
                        0,
                        0,
                        0
                    ],
                    "texture": "#null"
                },
                "east": {
                    "uv": [
                        0,
                        0,
                        0,
                        0
                    ],
                    "texture": "#null"
                },
                "up": {
                    "uv": [
                        2.144,
                        0.8,
                        1.6320000000000001,
                        0
                    ],
                    "texture": "#1"
                },
                "south": {
                    "uv": [
                        2.144,
                        0.8,
                        1.6320000000000001,
                        2.4000000000000004
                    ],
                    "texture": "#1"
                },
                "down": {
                    "uv": [
                        2.144,
                        3.2,
                        1.6320000000000001,
                        2.4000000000000004
                    ],
                    "texture": "#1"
                },
                "north": {
                    "uv": [
                        1.6320000000000001,
                        0.8,
                        2.144,
                        2.4000000000000004
                    ],
                    "texture": "#1"
                }
            },
            "rotation": {
                "axis": "y",
                "angle": 0,
                "origin": [
                    0,
                    0,
                    0
                ]
            }
        },
        {
            "name": "cube9",
            "from": [
                12.750300000000001,
                7.083500000000001,
                -1.7708750000000002
            ],
            "to": [
                13.812825,
                8.146025,
                1.7708750000000002
            ],
            "faces": {
                "west": {
                    "uv": [
                        0,
                        0,
                        0,
                        0
                    ],
                    "texture": "#null"
                },
                "east": {
                    "uv": [
                        0,
                        10.65,
                        0.016,
                        10.700000000000001
                    ],
                    "texture": "#1"
                },
                "up": {
                    "uv": [
                        0,
                        10.65,
                        0.016,
                        10.700000000000001
                    ],
                    "texture": "#1"
                },
                "south": {
                    "uv": [
                        0,
                        0,
                        0,
                        0
                    ],
                    "texture": "#null"
                },
                "down": {
                    "uv": [
                        0,
                        0,
                        0,
                        0
                    ],
                    "texture": "#null"
                },
                "north": {
                    "uv": [
                        0,
                        0,
                        0,
                        0
                    ],
                    "texture": "#null"
                }
            },
            "rotation": {
                "axis": "y",
                "angle": 0,
                "origin": [
                    0,
                    0,
                    0
                ]
            }
        },
        {
            "name": "cube10",
            "from": [
                12.750300000000001,
                12.396125,
                -1.7708750000000002
            ],
            "to": [
                13.812825,
                13.45865,
                1.7708750000000002
            ],
            "faces": {
                "west": {
                    "uv": [
                        0,
                        0,
                        0,
                        0
                    ],
                    "texture": "#null"
                },
                "east": {
                    "uv": [
                        0,
                        10.65,
                        0.016,
                        10.700000000000001
                    ],
                    "texture": "#1"
                },
                "up": {
                    "uv": [
                        0,
                        0,
                        0,
                        0
                    ],
                    "texture": "#null"
                },
                "south": {
                    "uv": [
                        0,
                        0,
                        0,
                        0
                    ],
                    "texture": "#null"
                },
                "down": {
                    "uv": [
                        0,
                        10.65,
                        0.016,
                        10.700000000000001
                    ],
                    "texture": "#1"
                },
                "north": {
                    "uv": [
                        0,
                        0,
                        0,
                        0
                    ],
                    "texture": "#null"
                }
            },
            "rotation": {
                "axis": "y",
                "angle": 0,
                "origin": [
                    0,
                    0,
                    0
                ]
            }
        },
        {
            "name": "cube11",
            "from": [
                18.062925000000003,
                12.396125,
                -1.7708750000000002
            ],
            "to": [
                19.12545,
                13.45865,
                1.7708750000000002
            ],
            "faces": {
                "west": {
                    "uv": [
                        0,
                        10.65,
                        0.016,
                        10.700000000000001
                    ],
                    "texture": "#1"
                },
                "east": {
                    "uv": [
                        0,
                        0,
                        0,
                        0
                    ],
                    "texture": "#null"
                },
                "up": {
                    "uv": [
                        0,
                        0,
                        0,
                        0
                    ],
                    "texture": "#null"
                },
                "south": {
                    "uv": [
                        0,
                        0,
                        0,
                        0
                    ],
                    "texture": "#null"
                },
                "down": {
                    "uv": [
                        0,
                        10.65,
                        0.016,
                        10.700000000000001
                    ],
                    "texture": "#1"
                },
                "north": {
                    "uv": [
                        0,
                        0,
                        0,
                        0
                    ],
                    "texture": "#null"
                }
            },
            "rotation": {
                "axis": "y",
                "angle": 0,
                "origin": [
                    0,
                    0,
                    0
                ]
            }
        },
        {
            "name": "cube12",
            "from": [
                18.062925000000003,
                7.083500000000001,
                -1.7708750000000002
            ],
            "to": [
                19.12545,
                8.146025,
                1.7708750000000002
            ],
            "faces": {
                "west": {
                    "uv": [
                        0,
                        10.65,
                        0.016,
                        10.700000000000001
                    ],
                    "texture": "#1"
                },
                "east": {
                    "uv": [
                        0,
                        0,
                        0,
                        0
                    ],
                    "texture": "#null"
                },
                "up": {
                    "uv": [
                        0,
                        10.65,
                        0.016,
                        10.700000000000001
                    ],
                    "texture": "#1"
                },
                "south": {
                    "uv": [
                        0,
                        0,
                        0,
                        0
                    ],
                    "texture": "#null"
                },
                "down": {
                    "uv": [
                        0,
                        0,
                        0,
                        0
                    ],
                    "texture": "#null"
                },
                "north": {
                    "uv": [
                        0,
                        0,
                        0,
                        0
                    ],
                    "texture": "#null"
                }
            },
            "rotation": {
                "axis": "y",
                "angle": 0,
                "origin": [
                    0,
                    0,
                    0
                ]
            }
        },
        {
            "name": "cube13",
            "from": [
                14.875350000000001,
                9.20855,
                -1.7708750000000002
            ],
            "to": [
                17.0004,
                11.3336,
                1.7708750000000002
            ],
            "faces": {
                "west": {
                    "uv": [
                        0,
                        10.600000000000001,
                        0.016,
                        10.65
                    ],
                    "texture": "#1"
                },
                "east": {
                    "uv": [
                        0,
                        10.600000000000001,
                        0.016,
                        10.65
                    ],
                    "texture": "#1"
                },
                "up": {
                    "uv": [
                        0,
                        10.600000000000001,
                        0.016,
                        10.65
                    ],
                    "texture": "#1"
                },
                "south": {
                    "uv": [
                        0,
                        0,
                        0,
                        0
                    ],
                    "texture": "#null"
                },
                "down": {
                    "uv": [
                        0,
                        10.600000000000001,
                        0.016,
                        10.65
                    ],
                    "texture": "#1"
                },
                "north": {
                    "uv": [
                        0,
                        0,
                        0,
                        0
                    ],
                    "texture": "#null"
                }
            },
            "rotation": {
                "axis": "y",
                "angle": 0,
                "origin": [
                    0,
                    0,
                    0
                ]
            }
        },
        {
            "name": "cube14",
            "from": [
                19.12545,
                13.45865,
                1.7708750000000002
            ],
            "to": [
                12.750300000000001,
                7.083500000000001,
                -1.7708750000000002
            ],
            "faces": {
                "west": {
                    "uv": [
                        0.08,
                        10.600000000000001,
                        0.09600000000000002,
                        10.9
                    ],
                    "texture": "#1"
                },
                "east": {
                    "uv": [
                        0.08,
                        10.600000000000001,
                        0.09600000000000002,
                        10.9
                    ],
                    "texture": "#1"
                },
                "up": {
                    "uv": [
                        0.272,
                        10.850000000000001,
                        0.36800000000000005,
                        10.9
                    ],
                    "texture": "#1"
                },
                "south": {
                    "uv": [
                        0.272,
                        10.9,
                        0.36800000000000005,
                        10.600000000000001
                    ],
                    "texture": "#1"
                },
                "down": {
                    "uv": [
                        0.272,
                        10.600000000000001,
                        0.36800000000000005,
                        10.65
                    ],
                    "texture": "#1"
                },
                "north": {
                    "uv": [
                        0.36800000000000005,
                        10.9,
                        0.272,
                        10.600000000000001
                    ],
                    "texture": "#1"
                }
            },
            "rotation": {
                "axis": "y",
                "angle": 0,
                "origin": [
                    0,
                    0,
                    0
                ]
            }
        }
    ],
    "display": {"head": {
        "translation": [
            32,
            25,
            32
        ],
        "scale": [
            4,
            4,
            4
        ]
    }}
}