{
    "groups": [{
        "name": "e",
        "color": 0,
        "children": [
            0,
            1,
            2,
            3
        ],
        "origin": [
            0,
            0,
            0
        ]
    }],
    "textures": {
        "0": "dmodels/cflogo2/stiched_texture copy",
        "1": "dmodels/cflogo2/castle"
    },
    "elements": [
        {
            "name": "cube34",
            "from": [
                -18.771275,
                7.4376750000000005,
                -1.4167
            ],
            "to": [
                -13.104475,
                13.104475,
                1.4167
            ],
            "faces": {
                "west": {
                    "uv": [
                        0,
                        0,
                        0,
                        0
                    ],
                    "texture": "#null"
                },
                "east": {
                    "uv": [
                        0,
                        0,
                        0,
                        0
                    ],
                    "texture": "#null"
                },
                "up": {
                    "uv": [
                        3.2320000000000007,
                        0.8,
                        2.72,
                        0
                    ],
                    "texture": "#1"
                },
                "south": {
                    "uv": [
                        3.2320000000000007,
                        0.8,
                        2.72,
                        2.4000000000000004
                    ],
                    "texture": "#1"
                },
                "down": {
                    "uv": [
                        3.2320000000000007,
                        3.2,
                        2.72,
                        2.4000000000000004
                    ],
                    "texture": "#1"
                },
                "north": {
                    "uv": [
                        2.72,
                        0.8,
                        3.2320000000000007,
                        2.4000000000000004
                    ],
                    "texture": "#1"
                }
            },
            "rotation": {
                "axis": "y",
                "angle": 0,
                "origin": [
                    0,
                    0,
                    0
                ]
            }
        },
        {
            "name": "cube35",
            "from": [
                -19.12545,
                9.20855,
                -1.7708750000000002
            ],
            "to": [
                -17.0004,
                11.3336,
                1.7708750000000002
            ],
            "faces": {
                "west": {
                    "uv": [
                        0,
                        0,
                        0,
                        0
                    ],
                    "texture": "#null"
                },
                "east": {
                    "uv": [
                        0,
                        10.600000000000001,
                        0.016,
                        10.65
                    ],
                    "texture": "#1"
                },
                "up": {
                    "uv": [
                        0,
                        10.600000000000001,
                        0.016,
                        10.65
                    ],
                    "texture": "#1"
                },
                "south": {
                    "uv": [
                        0,
                        0,
                        0,
                        0
                    ],
                    "texture": "#null"
                },
                "down": {
                    "uv": [
                        0,
                        10.600000000000001,
                        0.016,
                        10.65
                    ],
                    "texture": "#1"
                },
                "north": {
                    "uv": [
                        0,
                        0,
                        0,
                        0
                    ],
                    "texture": "#null"
                }
            },
            "rotation": {
                "axis": "y",
                "angle": 0,
                "origin": [
                    0,
                    0,
                    0
                ]
            }
        },
        {
            "name": "cube36",
            "from": [
                -12.750300000000001,
                13.45865,
                1.7708750000000002
            ],
            "to": [
                -19.12545,
                7.083500000000001,
                -1.7708750000000002
            ],
            "faces": {
                "west": {
                    "uv": [
                        0,
                        10.600000000000001,
                        0.016,
                        10.65
                    ],
                    "texture": "#1"
                },
                "east": {
                    "uv": [
                        0.4480000000000001,
                        10.600000000000001,
                        0.4640000000000001,
                        10.9
                    ],
                    "texture": "#1"
                },
                "up": {
                    "uv": [
                        0,
                        10.600000000000001,
                        0.016,
                        10.65
                    ],
                    "texture": "#1"
                },
                "south": {
                    "uv": [
                        0.416,
                        10.600000000000001,
                        0.4640000000000001,
                        10.9
                    ],
                    "texture": "#1"
                },
                "down": {
                    "uv": [
                        0,
                        10.600000000000001,
                        0.016,
                        10.65
                    ],
                    "texture": "#1"
                },
                "north": {
                    "uv": [
                        0.4640000000000001,
                        10.600000000000001,
                        0.416,
                        10.9
                    ],
                    "texture": "#1"
                }
            },
            "rotation": {
                "axis": "y",
                "angle": 0,
                "origin": [
                    0,
                    0,
                    0
                ]
            }
        }
    ],
    "display": {"head": {
        "translation": [
            32,
            25,
            32
        ],
        "scale": [
            4,
            4,
            4
        ]
    }}
}