{
    "groups": [{
        "name": "head",
        "color": 0,
        "children": [
            0,
            1
        ],
        "origin": [
            0,
            21.13625,
            5.14125
        ]
    }],
    "textures": {
        "0": "dmodels/cflogo2/stiched_texture copy",
        "1": "dmodels/cflogo2/castle"
    },
    "elements": [{
        "name": "head",
        "from": [
            -2.285,
            0,
            -2.285
        ],
        "to": [
            2.285,
            5.7125,
            2.285
        ],
        "faces": {
            "west": {
                "uv": [
                    2.56,
                    2,
                    3.84,
                    4.5
                ],
                "texture": "#0"
            },
            "east": {
                "uv": [
                    0,
                    2,
                    1.28,
                    4.5
                ],
                "texture": "#0"
            },
            "up": {
                "uv": [
                    2.72,
                    2,
                    1.28,
                    0
                ],
                "texture": "#0"
            },
            "south": {
                "uv": [
                    3.84,
                    2,
                    5.12,
                    4.5
                ],
                "texture": "#0"
            },
            "down": {
                "uv": [
                    3.84,
                    0,
                    2.72,
                    2
                ],
                "texture": "#0"
            },
            "north": {
                "uv": [
                    1.28,
                    2,
                    2.56,
                    4.5
                ],
                "texture": "#0"
            }
        },
        "rotation": {
            "axis": "y",
            "angle": 0,
            "origin": [
                0,
                -13.71,
                0
            ]
        }
    }],
    "display": {"head": {
        "translation": [
            32,
            25,
            32
        ],
        "scale": [
            4,
            4,
            4
        ]
    }}
}