{
    "groups": [{
        "name": "i",
        "color": 0,
        "children": [
            0,
            1,
            2,
            3,
            4
        ],
        "origin": [
            0,
            0,
            0
        ]
    }],
    "textures": {
        "0": "dmodels/cflogo2/stiched_texture copy",
        "1": "dmodels/cflogo2/castle"
    },
    "elements": [
        {
            "name": "cube45",
            "from": [
                4.604275,
                0.354175,
                -1.4167
            ],
            "to": [
                8.146025,
                6.020975,
                1.4167
            ],
            "faces": {
                "west": {
                    "uv": [
                        0,
                        0,
                        0,
                        0
                    ],
                    "texture": "#null"
                },
                "east": {
                    "uv": [
                        0,
                        0,
                        0,
                        0
                    ],
                    "texture": "#null"
                },
                "up": {
                    "uv": [
                        5.216,
                        0.8,
                        4.896,
                        0
                    ],
                    "texture": "#1"
                },
                "south": {
                    "uv": [
                        5.216,
                        0.8,
                        4.896,
                        2.4000000000000004
                    ],
                    "texture": "#1"
                },
                "down": {
                    "uv": [
                        5.216,
                        3.2,
                        4.896,
                        2.4000000000000004
                    ],
                    "texture": "#1"
                },
                "north": {
                    "uv": [
                        4.896,
                        0.8,
                        5.216,
                        2.4000000000000004
                    ],
                    "texture": "#1"
                }
            },
            "rotation": {
                "axis": "y",
                "angle": 0,
                "origin": [
                    0,
                    0,
                    0
                ]
            }
        },
        {
            "name": "cube46",
            "from": [
                4.2501,
                2.12505,
                -1.7708750000000002
            ],
            "to": [
                5.312625000000001,
                4.2501,
                1.7708750000000002
            ],
            "faces": {
                "west": {
                    "uv": [
                        0,
                        0,
                        0,
                        0
                    ],
                    "texture": "#null"
                },
                "east": {
                    "uv": [
                        0,
                        10.600000000000001,
                        0.016,
                        10.65
                    ],
                    "texture": "#1"
                },
                "up": {
                    "uv": [
                        0,
                        10.600000000000001,
                        0.016,
                        10.65
                    ],
                    "texture": "#1"
                },
                "south": {
                    "uv": [
                        0,
                        0,
                        0,
                        0
                    ],
                    "texture": "#null"
                },
                "down": {
                    "uv": [
                        0,
                        10.600000000000001,
                        0.016,
                        10.65
                    ],
                    "texture": "#1"
                },
                "north": {
                    "uv": [
                        0,
                        0,
                        0,
                        0
                    ],
                    "texture": "#null"
                }
            },
            "rotation": {
                "axis": "y",
                "angle": 0,
                "origin": [
                    0,
                    0,
                    0
                ]
            }
        },
        {
            "name": "cube47",
            "from": [
                7.4376750000000005,
                2.12505,
                -1.7708750000000002
            ],
            "to": [
                8.5002,
                4.2501,
                1.7708750000000002
            ],
            "faces": {
                "west": {
                    "uv": [
                        0,
                        10.600000000000001,
                        0.016,
                        10.65
                    ],
                    "texture": "#1"
                },
                "east": {
                    "uv": [
                        0,
                        0,
                        0,
                        0
                    ],
                    "texture": "#null"
                },
                "up": {
                    "uv": [
                        0,
                        10.600000000000001,
                        0.016,
                        10.65
                    ],
                    "texture": "#1"
                },
                "south": {
                    "uv": [
                        0,
                        0,
                        0,
                        0
                    ],
                    "texture": "#null"
                },
                "down": {
                    "uv": [
                        0,
                        10.600000000000001,
                        0.016,
                        10.65
                    ],
                    "texture": "#1"
                },
                "north": {
                    "uv": [
                        0,
                        0,
                        0,
                        0
                    ],
                    "texture": "#null"
                }
            },
            "rotation": {
                "axis": "y",
                "angle": 0,
                "origin": [
                    0,
                    0,
                    0
                ]
            }
        },
        {
            "name": "cube48",
            "from": [
                8.5002,
                6.3751500000000005,
                1.7708750000000002
            ],
            "to": [
                4.2501,
                0,
                -1.7708750000000002
            ],
            "faces": {
                "west": {
                    "uv": [
                        0.6240000000000001,
                        10.9,
                        0.6080000000000001,
                        10.75
                    ],
                    "texture": "#1"
                },
                "east": {
                    "uv": [
                        0.6240000000000001,
                        10.9,
                        0.6080000000000001,
                        10.75
                    ],
                    "texture": "#1"
                },
                "up": {
                    "uv": [
                        0,
                        10.600000000000001,
                        0.016,
                        10.65
                    ],
                    "texture": "#1"
                },
                "south": {
                    "uv": [
                        0.6080000000000001,
                        10.9,
                        0.672,
                        10.75
                    ],
                    "texture": "#1"
                },
                "down": {
                    "uv": [
                        0,
                        10.600000000000001,
                        0.016,
                        10.65
                    ],
                    "texture": "#1"
                },
                "north": {
                    "uv": [
                        0.672,
                        10.9,
                        0.6080000000000001,
                        10.75
                    ],
                    "texture": "#1"
                }
            },
            "rotation": {
                "axis": "y",
                "angle": 0,
                "origin": [
                    0,
                    0,
                    0
                ]
            }
        }
    ],
    "display": {"head": {
        "translation": [
            32,
            25,
            32
        ],
        "scale": [
            4,
            4,
            4
        ]
    }}
}