{
    "groups": [{
        "name": "livro_auto_cube2",
        "color": 0,
        "children": [
            0,
            1
        ],
        "origin": [
            0,
            13.71,
            -2.85625
        ]
    }],
    "textures": {
        "0": "dmodels/cflogo2/stiched_texture copy",
        "1": "dmodels/cflogo2/castle"
    },
    "elements": [{
        "name": "cube2",
        "from": [
            0.34275,
            1.1425,
            -1.1425
        ],
        "to": [
            4.341500000000001,
            1.71375,
            3.9987500000000002
        ],
        "faces": {
            "west": {
                "uv": [
                    11.04,
                    9,
                    13.28,
                    9.25
                ],
                "texture": "#0"
            },
            "east": {
                "uv": [
                    11.04,
                    9.25,
                    13.28,
                    9.5
                ],
                "texture": "#0"
            },
            "up": {
                "uv": [
                    12.32,
                    7.5,
                    11.04,
                    5.25
                ],
                "texture": "#0"
            },
            "south": {
                "uv": [
                    12.16,
                    8.75,
                    13.28,
                    9
                ],
                "texture": "#0"
            },
            "down": {
                "uv": [
                    13.28,
                    5.25,
                    12.32,
                    8.75
                ],
                "texture": "#0"
            },
            "north": {
                "uv": [
                    11.04,
                    8.75,
                    12.16,
                    9
                ],
                "texture": "#0"
            }
        },
        "rotation": {
            "axis": "y",
            "angle": 0,
            "origin": [
                0,
                -13.71,
                2.85625
            ]
        }
    }],
    "display": {"head": {
        "translation": [
            32,
            25,
            32
        ],
        "scale": [
            4,
            4,
            4
        ]
    }}
}