{
    "groups": [{
        "name": "livro",
        "color": 0,
        "children": [
            0,
            1,
            2,
            3,
            4
        ],
        "origin": [
            0,
            13.71,
            -2.85625
        ]
    }],
    "textures": {
        "0": "dmodels/cflogo2/stiched_texture copy",
        "1": "dmodels/cflogo2/castle"
    },
    "elements": [
        {
            "name": "cube",
            "from": [
                -0.57125,
                0.57125,
                -1.71375
            ],
            "to": [
                0.57125,
                1.1425,
                4.57
            ],
            "faces": {
                "west": {
                    "uv": [
                        10.72,
                        0.25,
                        13.28,
                        0.5
                    ],
                    "texture": "#0"
                },
                "east": {
                    "uv": [
                        10.72,
                        0,
                        13.28,
                        0.25
                    ],
                    "texture": "#0"
                },
                "up": {
                    "uv": [
                        13.76,
                        4.25,
                        13.28,
                        0.25
                    ],
                    "texture": "#0"
                },
                "south": {
                    "uv": [
                        13.6,
                        0,
                        13.92,
                        0.25
                    ],
                    "texture": "#0"
                },
                "down": {
                    "uv": [
                        13.92,
                        0.25,
                        13.76,
                        4.25
                    ],
                    "texture": "#0"
                },
                "north": {
                    "uv": [
                        13.28,
                        0,
                        13.6,
                        0.25
                    ],
                    "texture": "#0"
                }
            },
            "rotation": {
                "axis": "y",
                "angle": 0,
                "origin": [
                    0,
                    0,
                    0
                ]
            }
        },
        {
            "name": "cube3",
            "from": [
                -4.341500000000001,
                1.1425,
                -1.1425
            ],
            "to": [
                -0.34275,
                1.71375,
                3.9987500000000002
            ],
            "faces": {
                "west": {
                    "uv": [
                        13.28,
                        9.25,
                        11.04,
                        9.5
                    ],
                    "texture": "#0"
                },
                "east": {
                    "uv": [
                        13.28,
                        9,
                        11.04,
                        9.25
                    ],
                    "texture": "#0"
                },
                "up": {
                    "uv": [
                        11.04,
                        7.5,
                        12.32,
                        5.25
                    ],
                    "texture": "#0"
                },
                "south": {
                    "uv": [
                        13.28,
                        8.75,
                        12.16,
                        9
                    ],
                    "texture": "#0"
                },
                "down": {
                    "uv": [
                        12.32,
                        5.25,
                        13.28,
                        8.75
                    ],
                    "texture": "#0"
                },
                "north": {
                    "uv": [
                        12.16,
                        8.75,
                        11.04,
                        9
                    ],
                    "texture": "#0"
                }
            },
            "rotation": {
                "axis": "z",
                "angle": -22.5,
                "origin": [
                    0,
                    0,
                    0
                ]
            }
        },
        {
            "name": "cube4",
            "from": [
                -4.912750000000001,
                0.7997499999999992,
                -1.71375
            ],
            "to": [
                -0.34275,
                1.3709999999999993,
                4.57
            ],
            "faces": {
                "west": {
                    "uv": [
                        13.28,
                        5,
                        10.72,
                        5.25
                    ],
                    "texture": "#0"
                },
                "east": {
                    "uv": [
                        13.28,
                        4.75,
                        10.72,
                        5
                    ],
                    "texture": "#0"
                },
                "up": {
                    "uv": [
                        10.72,
                        4.5,
                        12.16,
                        0.5
                    ],
                    "texture": "#0"
                },
                "south": {
                    "uv": [
                        12,
                        4.5,
                        10.72,
                        4.75
                    ],
                    "texture": "#0"
                },
                "down": {
                    "uv": [
                        12.16,
                        0.5,
                        13.28,
                        3.25
                    ],
                    "texture": "#0"
                },
                "north": {
                    "uv": [
                        13.28,
                        4.5,
                        12,
                        4.75
                    ],
                    "texture": "#0"
                }
            },
            "rotation": {
                "axis": "z",
                "angle": -22.5,
                "origin": [
                    0,
                    0,
                    0
                ]
            }
        },
        {
            "name": "cube5",
            "from": [
                0.34275,
                0.7997499999999992,
                -1.71375
            ],
            "to": [
                4.912750000000001,
                1.3709999999999993,
                4.57
            ],
            "faces": {
                "west": {
                    "uv": [
                        10.72,
                        4.75,
                        13.28,
                        5
                    ],
                    "texture": "#0"
                },
                "east": {
                    "uv": [
                        10.72,
                        5,
                        13.28,
                        5.25
                    ],
                    "texture": "#0"
                },
                "up": {
                    "uv": [
                        12.16,
                        4.5,
                        10.72,
                        0.5
                    ],
                    "texture": "#0"
                },
                "south": {
                    "uv": [
                        10.72,
                        4.5,
                        12,
                        4.75
                    ],
                    "texture": "#0"
                },
                "down": {
                    "uv": [
                        13.28,
                        0.5,
                        12.16,
                        3.25
                    ],
                    "texture": "#0"
                },
                "north": {
                    "uv": [
                        12,
                        4.5,
                        13.28,
                        4.75
                    ],
                    "texture": "#0"
                }
            },
            "rotation": {
                "axis": "z",
                "angle": 22.5,
                "origin": [
                    0,
                    0,
                    0
                ]
            }
        }
    ],
    "display": {"head": {
        "translation": [
            32,
            25,
            32
        ],
        "scale": [
            4,
            4,
            4
        ]
    }}
}