{
    "groups": [{
        "name": "t2",
        "color": 0,
        "children": [
            0,
            1,
            2,
            3,
            4
        ],
        "origin": [
            0,
            0,
            0
        ]
    }],
    "textures": {
        "0": "dmodels/cflogo2/stiched_texture copy",
        "1": "dmodels/cflogo2/castle"
    },
    "elements": [
        {
            "name": "cube27",
            "from": [
                -6.020975,
                7.4376750000000005,
                -1.4167
            ],
            "to": [
                -0.354175,
                13.104475,
                1.4167
            ],
            "faces": {
                "west": {
                    "uv": [
                        0,
                        0,
                        0,
                        0
                    ],
                    "texture": "#null"
                },
                "east": {
                    "uv": [
                        0,
                        0,
                        0,
                        0
                    ],
                    "texture": "#null"
                },
                "up": {
                    "uv": [
                        11.2,
                        0.8,
                        10.688,
                        0
                    ],
                    "texture": "#1"
                },
                "south": {
                    "uv": [
                        11.2,
                        0.8,
                        10.688,
                        2.4000000000000004
                    ],
                    "texture": "#1"
                },
                "down": {
                    "uv": [
                        11.2,
                        3.2,
                        10.688,
                        2.4000000000000004
                    ],
                    "texture": "#1"
                },
                "north": {
                    "uv": [
                        10.688,
                        0.8,
                        11.2,
                        2.4000000000000004
                    ],
                    "texture": "#1"
                }
            },
            "rotation": {
                "axis": "y",
                "angle": 0,
                "origin": [
                    0,
                    0,
                    0
                ]
            }
        },
        {
            "name": "cube28",
            "from": [
                -6.3751500000000005,
                7.083500000000001,
                -1.7708750000000002
            ],
            "to": [
                -4.2501,
                11.3336,
                1.7708750000000002
            ],
            "faces": {
                "west": {
                    "uv": [
                        0,
                        0,
                        0,
                        0
                    ],
                    "texture": "#null"
                },
                "east": {
                    "uv": [
                        0,
                        10.600000000000001,
                        0.016,
                        10.65
                    ],
                    "texture": "#1"
                },
                "up": {
                    "uv": [
                        0,
                        10.600000000000001,
                        0.016,
                        10.65
                    ],
                    "texture": "#1"
                },
                "south": {
                    "uv": [
                        0,
                        0,
                        0,
                        0
                    ],
                    "texture": "#null"
                },
                "down": {
                    "uv": [
                        0,
                        0,
                        0,
                        0
                    ],
                    "texture": "#null"
                },
                "north": {
                    "uv": [
                        0,
                        0,
                        0,
                        0
                    ],
                    "texture": "#null"
                }
            },
            "rotation": {
                "axis": "y",
                "angle": 0,
                "origin": [
                    0,
                    0,
                    0
                ]
            }
        },
        {
            "name": "cube29",
            "from": [
                -2.12505,
                7.083500000000001,
                -1.7708750000000002
            ],
            "to": [
                0,
                11.3336,
                1.7708750000000002
            ],
            "faces": {
                "west": {
                    "uv": [
                        0,
                        10.600000000000001,
                        0.016,
                        10.65
                    ],
                    "texture": "#1"
                },
                "east": {
                    "uv": [
                        0,
                        0,
                        0,
                        0
                    ],
                    "texture": "#null"
                },
                "up": {
                    "uv": [
                        0,
                        10.600000000000001,
                        0.016,
                        10.65
                    ],
                    "texture": "#1"
                },
                "south": {
                    "uv": [
                        0,
                        0,
                        0,
                        0
                    ],
                    "texture": "#null"
                },
                "down": {
                    "uv": [
                        0,
                        0,
                        0,
                        0
                    ],
                    "texture": "#null"
                },
                "north": {
                    "uv": [
                        0,
                        0,
                        0,
                        0
                    ],
                    "texture": "#null"
                }
            },
            "rotation": {
                "axis": "y",
                "angle": 0,
                "origin": [
                    0,
                    0,
                    0
                ]
            }
        },
        {
            "name": "cube30",
            "from": [
                0,
                13.45865,
                1.7708750000000002
            ],
            "to": [
                -6.3751500000000005,
                7.083500000000001,
                -1.7708750000000002
            ],
            "faces": {
                "west": {
                    "uv": [
                        2.176,
                        10.9,
                        2.192,
                        10.75
                    ],
                    "texture": "#1"
                },
                "east": {
                    "uv": [
                        2.176,
                        10.9,
                        2.192,
                        10.75
                    ],
                    "texture": "#1"
                },
                "up": {
                    "uv": [
                        2.176,
                        10.850000000000001,
                        2.2240000000000006,
                        10.9
                    ],
                    "texture": "#1"
                },
                "south": {
                    "uv": [
                        2.176,
                        10.9,
                        2.2240000000000006,
                        10.75
                    ],
                    "texture": "#1"
                },
                "down": {
                    "uv": [
                        0,
                        10.600000000000001,
                        0.016,
                        10.65
                    ],
                    "texture": "#1"
                },
                "north": {
                    "uv": [
                        2.176,
                        10.9,
                        2.2240000000000006,
                        10.75
                    ],
                    "texture": "#1"
                }
            },
            "rotation": {
                "axis": "y",
                "angle": 0,
                "origin": [
                    0,
                    0,
                    0
                ]
            }
        }
    ],
    "display": {"head": {
        "translation": [
            32,
            25,
            32
        ],
        "scale": [
            4,
            4,
            4
        ]
    }}
}