{"textures":{"0":"modelengine:entity/asdads1"},"elements":[{"from":[6.5714283,8.005714,6.5714283],"to":[9.428572,10.862858,9.428572],"rotation":{"angle":0.0,"axis":"y","origin":[8.0,5.714286,8.0]},"faces":{"east":{"uv":[9.333333,2.5,10.166667,5.0],"rotation":0,"texture":"#0","tintindex":0},"south":{"uv":[11.833333,2.5,12.666667,5.0],"rotation":0,"texture":"#0","tintindex":0},"north":{"uv":[10.166667,2.5,11.0,5.0],"rotation":0,"texture":"#0","tintindex":0},"west":{"uv":[11.0,2.5,11.833333,5.0],"rotation":0,"texture":"#0","tintindex":0},"up":{"uv":[11.0,2.5,10.166667,0.0],"rotation":0,"texture":"#0","tintindex":0},"down":{"uv":[11.833333,0.0,11.0,2.5],"rotation":0,"texture":"#0","tintindex":0}}}],"display":{"head":{"translation":[0.0,-6.4,0.0],"scale":[4.0,4.0,4.0]}}}