{"textures":{"0":"modelengine:entity/asdads1"},"elements":[{"from":[5.714286,8.0,5.714286],"to":[10.285714,12.571428,10.285714],"rotation":{"angle":0.0,"axis":"y","origin":[8.0,-5.714287,8.0]},"faces":{"east":{"uv":[0.0,4.0,1.3333334,8.0],"rotation":0,"texture":"#0","tintindex":0},"south":{"uv":[4.0,4.0,5.3333335,8.0],"rotation":0,"texture":"#0","tintindex":0},"north":{"uv":[1.3333334,4.0,2.6666667,8.0],"rotation":0,"texture":"#0","tintindex":0},"west":{"uv":[2.6666667,4.0,4.0,8.0],"rotation":0,"texture":"#0","tintindex":0},"up":{"uv":[2.6666667,4.0,1.3333334,0.0],"rotation":0,"texture":"#0","tintindex":0},"down":{"uv":[4.0,0.0,2.6666667,4.0],"rotation":0,"texture":"#0","tintindex":0}}}],"display":{"head":{"translation":[0.0,-6.4,0.0],"scale":[4.0,4.0,4.0]}}}