{"textures":{"0":"modelengine:entity/asdads1"},"elements":[{"from":[6.857143,1.1428566,6.857143],"to":[9.142858,8.0,9.142858],"rotation":{"angle":0.0,"axis":"y","origin":[9.085714,1.1428566,8.0]},"faces":{"east":{"uv":[2.0,10.0,1.3333334,16.0],"rotation":0,"texture":"#0","tintindex":0},"south":{"uv":[2.6666667,10.0,2.0,16.0],"rotation":0,"texture":"#0","tintindex":0},"north":{"uv":[1.3333334,10.0,0.6666667,16.0],"rotation":0,"texture":"#0","tintindex":0},"west":{"uv":[0.6666667,10.0,0.0,16.0],"rotation":0,"texture":"#0","tintindex":0},"up":{"uv":[0.6666667,10.0,1.3333334,8.0],"rotation":0,"texture":"#0","tintindex":0},"down":{"uv":[1.3333334,8.0,2.0,10.0],"rotation":0,"texture":"#0","tintindex":0}}}],"display":{"head":{"translation":[0.0,-6.4,0.0],"scale":[4.0,4.0,4.0]}}}