{"textures":{"0":"modelengine:entity/asdads1"},"elements":[{"from":[7.857143,6.0,7.428571],"to":[8.428572,8.285714,8.571428],"rotation":{"angle":0.0,"axis":"y","origin":[7.0,6.0,8.0]},"faces":{"east":{"uv":[13.166667,1.0,13.5,3.0],"rotation":0,"texture":"#0","tintindex":0},"south":{"uv":[14.0,1.0,14.166667,3.0],"rotation":0,"texture":"#0","tintindex":0},"north":{"uv":[13.5,1.0,13.666667,3.0],"rotation":0,"texture":"#0","tintindex":0},"west":{"uv":[13.666667,1.0,14.0,3.0],"rotation":0,"texture":"#0","tintindex":0},"up":{"uv":[13.666667,1.0,13.5,0.0],"rotation":0,"texture":"#0","tintindex":0},"down":{"uv":[13.833333,0.0,13.666667,1.0],"rotation":0,"texture":"#0","tintindex":0}}}],"display":{"head":{"translation":[0.0,-6.4,0.0],"scale":[4.0,4.0,4.0]}}}