{
    "groups": [{
        "name": "bracoesquerdo",
        "color": 0,
        "children": [
            0,
            1,
            2
        ],
        "origin": [
            -2.285,
            12.5675,
            0
        ]
    }],
    "textures": {"0": "dmodels/bixo3/texture"},
    "elements": [
        {
            "name": "bracoesquerdo2",
            "from": [
                -2.4563749999999995,
                -4.57,
                -1.2567500000000003
            ],
            "to": [
                0.1142499999999996,
                -0.57125,
                1.313875
            ],
            "faces": {
                "west": {
                    "uv": [
                        7,
                        2.5,
                        7.5,
                        3.375
                    ],
                    "texture": "#0"
                },
                "east": {
                    "uv": [
                        6,
                        2.5,
                        6.5,
                        3.375
                    ],
                    "texture": "#0"
                },
                "up": {
                    "uv": [
                        7,
                        2.5,
                        6.5,
                        2
                    ],
                    "texture": "#0"
                },
                "south": {
                    "uv": [
                        7.5,
                        2.5,
                        8,
                        3.375
                    ],
                    "texture": "#0"
                },
                "down": {
                    "uv": [
                        7.5,
                        2,
                        7,
                        2.5
                    ],
                    "texture": "#0"
                },
                "north": {
                    "uv": [
                        6.5,
                        2.5,
                        7,
                        3.375
                    ],
                    "texture": "#0"
                }
            },
            "rotation": {
                "axis": "y",
                "angle": 0,
                "origin": [
                    2.285,
                    -12.5675,
                    0
                ]
            }
        },
        {
            "name": "bracoesquerdo1",
            "from": [
                -2.285,
                -5.7125,
                -1.1425
            ],
            "to": [
                0,
                1.1425,
                1.1425
            ],
            "faces": {
                "west": {
                    "uv": [
                        6,
                        0.5,
                        6.5,
                        2
                    ],
                    "texture": "#0"
                },
                "east": {
                    "uv": [
                        5,
                        0.5,
                        5.5,
                        2
                    ],
                    "texture": "#0"
                },
                "up": {
                    "uv": [
                        6,
                        0.5,
                        5.5,
                        0
                    ],
                    "texture": "#0"
                },
                "south": {
                    "uv": [
                        6.5,
                        0.5,
                        7,
                        2
                    ],
                    "texture": "#0"
                },
                "down": {
                    "uv": [
                        6.5,
                        0,
                        6,
                        0.5
                    ],
                    "texture": "#0"
                },
                "north": {
                    "uv": [
                        5.5,
                        0.5,
                        6,
                        2
                    ],
                    "texture": "#0"
                }
            },
            "rotation": {
                "axis": "y",
                "angle": 0,
                "origin": [
                    0,
                    0,
                    0
                ]
            }
        }
    ],
    "display": {"head": {
        "translation": [
            32,
            25,
            32
        ],
        "scale": [
            4,
            4,
            4
        ]
    }}
}