{
    "groups": [{
        "name": "bracodireito",
        "color": 0,
        "children": [
            0,
            1,
            2,
            3,
            4,
            5
        ],
        "origin": [
            2.285,
            12.5675,
            0
        ]
    }],
    "textures": {"0": "dmodels/bixo3/texture"},
    "elements": [
        {
            "name": "bracodireito1",
            "from": [
                -5.073719222536966E-16,
                -5.7125,
                -1.1425
            ],
            "to": [
                2.285,
                1.1425,
                1.1425
            ],
            "faces": {
                "west": {
                    "uv": [
                        1,
                        5,
                        1.5,
                        6.5
                    ],
                    "texture": "#0"
                },
                "east": {
                    "uv": [
                        0,
                        5,
                        0.5,
                        6.5
                    ],
                    "texture": "#0"
                },
                "up": {
                    "uv": [
                        1,
                        5,
                        0.5,
                        4.5
                    ],
                    "texture": "#0"
                },
                "south": {
                    "uv": [
                        1.5,
                        5,
                        2,
                        6.5
                    ],
                    "texture": "#0"
                },
                "down": {
                    "uv": [
                        1.5,
                        4.5,
                        1,
                        5
                    ],
                    "texture": "#0"
                },
                "north": {
                    "uv": [
                        0.5,
                        5,
                        1,
                        6.5
                    ],
                    "texture": "#0"
                }
            },
            "rotation": {
                "axis": "y",
                "angle": 0,
                "origin": [
                    0,
                    0,
                    0
                ]
            }
        },
        {
            "name": "bracodireito2",
            "from": [
                -0.1142499999999996,
                -4.57,
                -1.2567500000000003
            ],
            "to": [
                2.4563749999999995,
                -0.57125,
                1.313875
            ],
            "faces": {
                "west": {
                    "uv": [
                        7,
                        3.875,
                        7.5,
                        4.75
                    ],
                    "texture": "#0"
                },
                "east": {
                    "uv": [
                        6,
                        3.875,
                        6.5,
                        4.75
                    ],
                    "texture": "#0"
                },
                "up": {
                    "uv": [
                        7,
                        3.875,
                        6.5,
                        3.375
                    ],
                    "texture": "#0"
                },
                "south": {
                    "uv": [
                        7.5,
                        3.875,
                        8,
                        4.75
                    ],
                    "texture": "#0"
                },
                "down": {
                    "uv": [
                        7.5,
                        3.375,
                        7,
                        3.875
                    ],
                    "texture": "#0"
                },
                "north": {
                    "uv": [
                        6.5,
                        3.875,
                        7,
                        4.75
                    ],
                    "texture": "#0"
                }
            },
            "rotation": {
                "axis": "y",
                "angle": 0,
                "origin": [
                    -2.285,
                    -12.5675,
                    0
                ]
            }
        },
        {
            "name": "bracoaqua1",
            "from": [
                -0.17137499999999992,
                -7.9975000000000005,
                -1.313875
            ],
            "to": [
                2.513499999999999,
                -3.9987500000000002,
                1.3709999999999998
            ],
            "faces": {
                "west": {
                    "uv": [
                        9.5,
                        0.5,
                        10,
                        1.375
                    ],
                    "texture": "#0"
                },
                "east": {
                    "uv": [
                        8.5,
                        0.5,
                        9,
                        1.375
                    ],
                    "texture": "#0"
                },
                "up": {
                    "uv": [
                        9.5,
                        0.5,
                        9,
                        0
                    ],
                    "texture": "#0"
                },
                "south": {
                    "uv": [
                        10,
                        0.5,
                        10.5,
                        1.375
                    ],
                    "texture": "#0"
                },
                "down": {
                    "uv": [
                        10,
                        0,
                        9.5,
                        0.5
                    ],
                    "texture": "#0"
                },
                "north": {
                    "uv": [
                        9,
                        0.5,
                        9.5,
                        1.375
                    ],
                    "texture": "#0"
                }
            },
            "rotation": {
                "axis": "x",
                "angle": 45,
                "origin": [
                    1.1425,
                    -4.57,
                    0
                ]
            }
        },
        {
            "name": "bracoaqua2",
            "from": [
                -0.4284375,
                -6.854999999999998,
                -6.140937500000009
            ],
            "to": [
                2.7134375000000004,
                -1.142499999999996,
                -2.9990625000000084
            ],
            "faces": {
                "west": {
                    "uv": [
                        9.75,
                        2,
                        10.375,
                        3.25
                    ],
                    "texture": "#0"
                },
                "east": {
                    "uv": [
                        8.5,
                        2,
                        9.125,
                        3.25
                    ],
                    "texture": "#0"
                },
                "up": {
                    "uv": [
                        9.75,
                        2,
                        9.125,
                        1.375
                    ],
                    "texture": "#0"
                },
                "south": {
                    "uv": [
                        10.375,
                        2,
                        11,
                        3.25
                    ],
                    "texture": "#0"
                },
                "down": {
                    "uv": [
                        10.375,
                        1.375,
                        9.75,
                        2
                    ],
                    "texture": "#0"
                },
                "north": {
                    "uv": [
                        9.125,
                        2,
                        9.75,
                        3.25
                    ],
                    "texture": "#0"
                }
            },
            "rotation": {
                "axis": "x",
                "angle": -45,
                "origin": [
                    1.1425,
                    -6.855,
                    -4.57
                ]
            }
        },
        {
            "name": "cube2",
            "from": [
                -0.11425000000000061,
                -7.883250000000001,
                -5.426875000000001
            ],
            "to": [
                2.4563750000000004,
                -5.426875000000001,
                -1.428125
            ],
            "faces": {
                "west": {
                    "uv": [
                        12.375,
                        2.75,
                        13.25,
                        3.25
                    ],
                    "texture": "#0"
                },
                "east": {
                    "uv": [
                        11,
                        2.75,
                        11.875,
                        3.25
                    ],
                    "texture": "#0"
                },
                "up": {
                    "uv": [
                        12.375,
                        2.75,
                        11.875,
                        1.875
                    ],
                    "texture": "#0"
                },
                "south": {
                    "uv": [
                        13.25,
                        2.75,
                        13.75,
                        3.25
                    ],
                    "texture": "#0"
                },
                "down": {
                    "uv": [
                        12.875,
                        1.875,
                        12.375,
                        2.75
                    ],
                    "texture": "#0"
                },
                "north": {
                    "uv": [
                        11.875,
                        2.75,
                        12.375,
                        3.25
                    ],
                    "texture": "#0"
                }
            },
            "rotation": {
                "axis": "y",
                "angle": 0,
                "origin": [
                    1.1425,
                    -6.855,
                    -1.71375
                ]
            }
        }
    ],
    "display": {"head": {
        "translation": [
            32,
            25,
            32
        ],
        "scale": [
            4,
            4,
            4
        ]
    }}
}