{
    "groups": [{
        "name": "cabeca",
        "color": 0,
        "children": [
            0,
            1,
            2,
            3,
            4,
            5,
            6,
            7
        ],
        "origin": [
            0,
            15.995000000000001,
            0
        ]
    }],
    "textures": {"0": "dmodels/bixo3/texture"},
    "elements": [
        {
            "name": "chifreA1",
            "from": [
                0.6111510896888247,
                1.810839244502957,
                -2.04472087184465
            ],
            "to": [
                2.324901089688824,
                5.2383392445029555,
                -0.33097087184465007
            ],
            "faces": {
                "west": {
                    "uv": [
                        7.75,
                        0.375,
                        8.125,
                        1.125
                    ],
                    "texture": "#0"
                },
                "east": {
                    "uv": [
                        7,
                        0.375,
                        7.375,
                        1.125
                    ],
                    "texture": "#0"
                },
                "up": {
                    "uv": [
                        7.75,
                        0.375,
                        7.375,
                        0
                    ],
                    "texture": "#0"
                },
                "south": {
                    "uv": [
                        8.125,
                        0.375,
                        8.5,
                        1.125
                    ],
                    "texture": "#0"
                },
                "down": {
                    "uv": [
                        8.125,
                        0,
                        7.75,
                        0.375
                    ],
                    "texture": "#0"
                },
                "north": {
                    "uv": [
                        7.375,
                        0.375,
                        7.75,
                        1.125
                    ],
                    "texture": "#0"
                }
            },
            "rotation": {
                "axis": "x",
                "angle": -45,
                "origin": [
                    1.71375,
                    1.770875000000011,
                    -1.1425
                ]
            }
        },
        {
            "name": "cabeca1",
            "from": [
                -2.285,
                -2.285,
                -2.285
            ],
            "to": [
                2.285,
                2.285,
                2.285
            ],
            "faces": {
                "west": {
                    "uv": [
                        2,
                        1,
                        3,
                        2
                    ],
                    "texture": "#0"
                },
                "east": {
                    "uv": [
                        0,
                        1,
                        1,
                        2
                    ],
                    "texture": "#0"
                },
                "up": {
                    "uv": [
                        2,
                        1,
                        1,
                        0
                    ],
                    "texture": "#0"
                },
                "south": {
                    "uv": [
                        3,
                        1,
                        4,
                        2
                    ],
                    "texture": "#0"
                },
                "down": {
                    "uv": [
                        3,
                        0,
                        2,
                        1
                    ],
                    "texture": "#0"
                },
                "north": {
                    "uv": [
                        1,
                        1,
                        2,
                        2
                    ],
                    "texture": "#0"
                }
            },
            "rotation": {
                "axis": "y",
                "angle": 0,
                "origin": [
                    0,
                    -15.995000000000001,
                    0
                ]
            }
        },
        {
            "name": "chifreB1",
            "from": [
                -2.2878983706348532,
                1.5664986013058184,
                -1.9992671412110774
            ],
            "to": [
                -0.5741483706348527,
                4.993998601305822,
                -0.2855171412110773
            ],
            "faces": {
                "west": {
                    "uv": [
                        0.75,
                        6.875,
                        1.125,
                        7.625
                    ],
                    "texture": "#0"
                },
                "east": {
                    "uv": [
                        0,
                        6.875,
                        0.375,
                        7.625
                    ],
                    "texture": "#0"
                },
                "up": {
                    "uv": [
                        0.75,
                        6.875,
                        0.375,
                        6.5
                    ],
                    "texture": "#0"
                },
                "south": {
                    "uv": [
                        1.125,
                        6.875,
                        1.5,
                        7.625
                    ],
                    "texture": "#0"
                },
                "down": {
                    "uv": [
                        1.125,
                        6.5,
                        0.75,
                        6.875
                    ],
                    "texture": "#0"
                },
                "north": {
                    "uv": [
                        0.375,
                        6.875,
                        0.75,
                        7.625
                    ],
                    "texture": "#0"
                }
            },
            "rotation": {
                "axis": "x",
                "angle": -45,
                "origin": [
                    -1.770875,
                    1.628062500000013,
                    -1.371
                ]
            }
        },
        {
            "name": "chifreB2",
            "from": [
                -2.113625,
                3.2275624999999994,
                -3.31325
            ],
            "to": [
                -0.39987500000000015,
                4.3700624999999995,
                0.11425000000000113
            ],
            "faces": {
                "west": {
                    "uv": [
                        5.125,
                        7.25,
                        5.875,
                        7.5
                    ],
                    "texture": "#0"
                },
                "east": {
                    "uv": [
                        4,
                        7.25,
                        4.75,
                        7.5
                    ],
                    "texture": "#0"
                },
                "up": {
                    "uv": [
                        5.125,
                        7.25,
                        4.75,
                        6.5
                    ],
                    "texture": "#0"
                },
                "south": {
                    "uv": [
                        5.875,
                        7.25,
                        6.25,
                        7.5
                    ],
                    "texture": "#0"
                },
                "down": {
                    "uv": [
                        5.5,
                        6.5,
                        5.125,
                        7.25
                    ],
                    "texture": "#0"
                },
                "north": {
                    "uv": [
                        4.75,
                        7.25,
                        5.125,
                        7.5
                    ],
                    "texture": "#0"
                }
            },
            "rotation": {
                "axis": "z",
                "angle": 22.5,
                "origin": [
                    -0.856875,
                    3.484625000000001,
                    -3.141875
                ]
            }
        },
        {
            "name": "chifreB3",
            "from": [
                -1.7708750000000009,
                3.5417500000000017,
                -0.285625
            ],
            "to": [
                -0.6283749999999998,
                3.5417500000000017,
                1.9993750000000001
            ],
            "faces": {
                "west": {
                    "uv": [
                        0.75,
                        1,
                        1.25,
                        1
                    ],
                    "texture": "#0"
                },
                "east": {
                    "uv": [
                        0,
                        1,
                        0.5,
                        1
                    ],
                    "texture": "#0"
                },
                "up": {
                    "uv": [
                        0.75,
                        1,
                        0.5,
                        0.5
                    ],
                    "texture": "#0"
                },
                "south": {
                    "uv": [
                        1.25,
                        1,
                        1.5,
                        1
                    ],
                    "texture": "#0"
                },
                "down": {
                    "uv": [
                        1,
                        0.5,
                        0.75,
                        1
                    ],
                    "texture": "#0"
                },
                "north": {
                    "uv": [
                        0.5,
                        1,
                        0.75,
                        1
                    ],
                    "texture": "#0"
                }
            },
            "rotation": {
                "axis": "z",
                "angle": 22.5,
                "origin": [
                    -1.1425,
                    3.484625000000001,
                    -0.856875
                ]
            }
        },
        {
            "name": "chifreA3",
            "from": [
                0.6283749999999998,
                3.484625000000001,
                0
            ],
            "to": [
                1.7708750000000009,
                3.484625000000001,
                2.285
            ],
            "faces": {
                "west": {
                    "uv": [
                        0.5,
                        0.5,
                        0,
                        0.5
                    ],
                    "texture": "#0"
                },
                "east": {
                    "uv": [
                        1.25,
                        0.5,
                        0.75,
                        0.5
                    ],
                    "texture": "#0"
                },
                "up": {
                    "uv": [
                        0.5,
                        0.5,
                        0.75,
                        0
                    ],
                    "texture": "#0"
                },
                "south": {
                    "uv": [
                        1.5,
                        0.5,
                        1.25,
                        0.5
                    ],
                    "texture": "#0"
                },
                "down": {
                    "uv": [
                        0.75,
                        0,
                        1,
                        0.5
                    ],
                    "texture": "#0"
                },
                "north": {
                    "uv": [
                        0.75,
                        0.5,
                        0.5,
                        0.5
                    ],
                    "texture": "#0"
                }
            },
            "rotation": {
                "axis": "z",
                "angle": -22.5,
                "origin": [
                    1.1425,
                    3.4275,
                    -0.57125
                ]
            }
        },
        {
            "name": "chifreA2",
            "from": [
                0.39987500000000015,
                3.1704375000000025,
                -3.0276250000000005
            ],
            "to": [
                2.1136250000000003,
                4.312937500000003,
                0.39987499999999987
            ],
            "faces": {
                "west": {
                    "uv": [
                        7.875,
                        7.25,
                        8.625,
                        7.5
                    ],
                    "texture": "#0"
                },
                "east": {
                    "uv": [
                        6.75,
                        7.25,
                        7.5,
                        7.5
                    ],
                    "texture": "#0"
                },
                "up": {
                    "uv": [
                        7.875,
                        7.25,
                        7.5,
                        6.5
                    ],
                    "texture": "#0"
                },
                "south": {
                    "uv": [
                        8.625,
                        7.25,
                        9,
                        7.5
                    ],
                    "texture": "#0"
                },
                "down": {
                    "uv": [
                        8.25,
                        6.5,
                        7.875,
                        7.25
                    ],
                    "texture": "#0"
                },
                "north": {
                    "uv": [
                        7.5,
                        7.25,
                        7.875,
                        7.5
                    ],
                    "texture": "#0"
                }
            },
            "rotation": {
                "axis": "z",
                "angle": -22.5,
                "origin": [
                    0.856875,
                    3.5703125,
                    -3.7131250000000002
                ]
            }
        }
    ],
    "display": {"head": {
        "translation": [
            32,
            25,
            32
        ],
        "scale": [
            4,
            4,
            4
        ]
    }}
}