{
    "providers": [
        {
            "type": "ttf",
            "file": "minecraft:negative_spaces.ttf",
            "shift": [0.0, 0.0],
            "size": 10.0,
            "oversample": 1.0
        },
        {
            "type": "bitmap",
            "file": "minecraft:font/backesquerda.png",
            "ascent": 12,
            "height": 15,
            "chars": [
                "\uEff1"
            ]
        },
        {
            "type": "bitmap",
            "file": "minecraft:font/castlefightlogo.png",
            "ascent": 10,
            "height": 20,
            "chars": [
                "\uEff2"
            ]
        }
    ]
}