{"elements":[{"from":[5.714286,8.0,6.857143],"to":[10.285714,14.857143,9.142858],"rotation":{"angle":0.0,"axis":"y","origin":[8.0,1.1428566,8.571428]},"faces":{"east":{"uv":[0.0,3.0,0.5,4.5],"rotation":0,"texture":"#0","tintindex":0},"south":{"uv":[2.0,3.0,3.0,4.5],"rotation":0,"texture":"#0","tintindex":0},"north":{"uv":[0.5,3.0,1.5,4.5],"rotation":0,"texture":"#0","tintindex":0},"west":{"uv":[1.5,3.0,2.0,4.5],"rotation":0,"texture":"#0","tintindex":0},"up":{"uv":[1.5,3.0,0.5,2.5],"rotation":0,"texture":"#0","tintindex":0},"down":{"uv":[2.5,2.5,1.5,3.0],"rotation":0,"texture":"#0","tintindex":0}}},{"from":[5.542857,6.857143,6.742857],"to":[10.457143,14.857143,9.314285],"rotation":{"angle":0.0,"axis":"y","origin":[8.0,1.1428566,8.0]},"faces":{"east":{"uv":[3.0,4.0,3.5,5.75],"rotation":0,"texture":"#0","tintindex":0},"south":{"uv":[5.0,4.0,6.0,5.75],"rotation":0,"texture":"#0","tintindex":0},"north":{"uv":[3.5,4.0,4.5,5.75],"rotation":0,"texture":"#0","tintindex":0},"west":{"uv":[4.5,4.0,5.0,5.75],"rotation":0,"texture":"#0","tintindex":0},"up":{"uv":[4.5,4.0,3.5,3.5],"rotation":0,"texture":"#0","tintindex":0},"down":{"uv":[5.5,3.5,4.5,4.0],"rotation":0,"texture":"#0","tintindex":0}}}],"textures":{"0":"modelengine:entity/texture"},"display":{"head":{"translation":[0.0,-6.4,0.0],"scale":[4.0,4.0,4.0]}}}