{"elements":[{"from":[14.731428,15.440001,6.582857],"to":[20.400002,21.108572,9.417143],"rotation":{"angle":0.0,"axis":"y","origin":[8.0,8.0,8.0]},"faces":{"south":{"uv":[1.056,0.8,0.544,2.4],"rotation":0,"texture":"#0","tintindex":0},"north":{"uv":[0.544,0.8,1.056,2.4],"rotation":0,"texture":"#0","tintindex":0},"up":{"uv":[1.056,0.8,0.544,0.0],"rotation":0,"texture":"#0","tintindex":0},"down":{"uv":[1.056,3.2,0.544,2.4],"rotation":0,"texture":"#0","tintindex":0}}},{"from":[19.69143,20.400002,6.2285714],"to":[20.754286,21.462856,9.771429],"rotation":{"angle":0.0,"axis":"y","origin":[8.0,8.0,8.0]},"faces":{"west":{"uv":[0.0,10.65,0.016,10.7],"rotation":0,"texture":"#0","tintindex":0},"down":{"uv":[0.0,10.65,0.016,10.7],"rotation":0,"texture":"#0","tintindex":0}}},{"from":[14.377143,20.400002,6.2285714],"to":[15.440001,21.462856,9.771429],"rotation":{"angle":0.0,"axis":"y","origin":[8.0,8.0,8.0]},"faces":{"east":{"uv":[0.0,10.65,0.016,10.7],"rotation":0,"texture":"#0","tintindex":0},"down":{"uv":[0.0,10.65,0.016,10.7],"rotation":0,"texture":"#0","tintindex":0}}},{"from":[16.502857,15.085714,6.2285714],"to":[18.628572,16.148571,9.771429],"rotation":{"angle":0.0,"axis":"y","origin":[8.0,8.0,8.0]},"faces":{"east":{"uv":[0.0,10.65,0.016,10.7],"rotation":0,"texture":"#0","tintindex":0},"west":{"uv":[0.0,10.65,0.016,10.7],"rotation":0,"texture":"#0","tintindex":0},"up":{"uv":[0.0,10.65,0.016,10.7],"rotation":0,"texture":"#0","tintindex":0}}},{"from":[16.502857,18.274286,6.2285714],"to":[18.628572,19.337143,9.771429],"rotation":{"angle":0.0,"axis":"y","origin":[8.0,8.0,8.0]},"faces":{"east":{"uv":[0.0,10.65,0.016,10.7],"rotation":0,"texture":"#0","tintindex":0},"west":{"uv":[0.0,10.65,0.016,10.7],"rotation":0,"texture":"#0","tintindex":0},"up":{"uv":[0.0,10.65,0.016,10.7],"rotation":0,"texture":"#0","tintindex":0},"down":{"uv":[0.0,10.65,0.016,10.7],"rotation":0,"texture":"#0","tintindex":0}}},{"from":[20.754286,21.462856,9.771429],"to":[14.377143,15.085714,6.2285714],"rotation":{"angle":0.0,"axis":"y","origin":[8.0,8.0,8.0]},"faces":{"east":{"uv":[0.096,10.9,0.111999996,10.6],"rotation":0,"texture":"#0","tintindex":0},"south":{"uv":[0.096,10.9,0.192,10.6],"rotation":0,"texture":"#0","tintindex":0},"north":{"uv":[0.096,10.9,0.192,10.6],"rotation":0,"texture":"#0","tintindex":0},"west":{"uv":[0.096,10.9,0.111999996,10.6],"rotation":0,"texture":"#0","tintindex":0},"up":{"uv":[0.096,10.85,0.192,10.9],"rotation":0,"texture":"#0","tintindex":0},"down":{"uv":[0.096,10.6,0.192,10.65],"rotation":0,"texture":"#0","tintindex":0}}}],"textures":{"0":"modelengine:entity/castle"},"display":{"head":{"translation":[0.0,-6.4,0.0],"scale":[4.0,4.0,4.0]}}}