{"elements":[{"from":[21.108572,15.440001,6.582857],"to":[26.777143,21.108572,9.417143],"rotation":{"angle":0.0,"axis":"y","origin":[8.0,8.0,8.0]},"faces":{"south":{"uv":[2.1439998,0.8,1.632,2.4],"rotation":0,"texture":"#0","tintindex":0},"north":{"uv":[1.632,0.8,2.1439998,2.4],"rotation":0,"texture":"#0","tintindex":0},"up":{"uv":[2.1439998,0.8,1.632,0.0],"rotation":0,"texture":"#0","tintindex":0},"down":{"uv":[2.1439998,3.2,1.632,2.4],"rotation":0,"texture":"#0","tintindex":0}}},{"from":[20.754286,15.085714,6.2285714],"to":[21.817142,16.148571,9.771429],"rotation":{"angle":0.0,"axis":"y","origin":[8.0,8.0,8.0]},"faces":{"east":{"uv":[0.0,10.65,0.016,10.7],"rotation":0,"texture":"#0","tintindex":0},"up":{"uv":[0.0,10.65,0.016,10.7],"rotation":0,"texture":"#0","tintindex":0}}},{"from":[20.754286,20.400002,6.2285714],"to":[21.817142,21.462856,9.771429],"rotation":{"angle":0.0,"axis":"y","origin":[8.0,8.0,8.0]},"faces":{"east":{"uv":[0.0,10.65,0.016,10.7],"rotation":0,"texture":"#0","tintindex":0},"down":{"uv":[0.0,10.65,0.016,10.7],"rotation":0,"texture":"#0","tintindex":0}}},{"from":[26.068573,20.400002,6.2285714],"to":[27.13143,21.462856,9.771429],"rotation":{"angle":0.0,"axis":"y","origin":[8.0,8.0,8.0]},"faces":{"west":{"uv":[0.0,10.65,0.016,10.7],"rotation":0,"texture":"#0","tintindex":0},"down":{"uv":[0.0,10.65,0.016,10.7],"rotation":0,"texture":"#0","tintindex":0}}},{"from":[26.068573,15.085714,6.2285714],"to":[27.13143,16.148571,9.771429],"rotation":{"angle":0.0,"axis":"y","origin":[8.0,8.0,8.0]},"faces":{"west":{"uv":[0.0,10.65,0.016,10.7],"rotation":0,"texture":"#0","tintindex":0},"up":{"uv":[0.0,10.65,0.016,10.7],"rotation":0,"texture":"#0","tintindex":0}}},{"from":[22.880001,17.21143,6.2285714],"to":[25.005714,19.337143,9.771429],"rotation":{"angle":0.0,"axis":"y","origin":[8.0,8.0,8.0]},"faces":{"east":{"uv":[0.0,10.6,0.016,10.65],"rotation":0,"texture":"#0","tintindex":0},"west":{"uv":[0.0,10.6,0.016,10.65],"rotation":0,"texture":"#0","tintindex":0},"up":{"uv":[0.0,10.6,0.016,10.65],"rotation":0,"texture":"#0","tintindex":0},"down":{"uv":[0.0,10.6,0.016,10.65],"rotation":0,"texture":"#0","tintindex":0}}},{"from":[27.13143,21.462856,9.771429],"to":[20.754286,15.085714,6.2285714],"rotation":{"angle":0.0,"axis":"y","origin":[8.0,8.0,8.0]},"faces":{"east":{"uv":[0.08,10.6,0.096,10.9],"rotation":0,"texture":"#0","tintindex":0},"south":{"uv":[0.272,10.9,0.36799997,10.6],"rotation":0,"texture":"#0","tintindex":0},"north":{"uv":[0.36799997,10.9,0.272,10.6],"rotation":0,"texture":"#0","tintindex":0},"west":{"uv":[0.08,10.6,0.096,10.9],"rotation":0,"texture":"#0","tintindex":0},"up":{"uv":[0.272,10.85,0.36799997,10.9],"rotation":0,"texture":"#0","tintindex":0},"down":{"uv":[0.272,10.6,0.36799997,10.65],"rotation":0,"texture":"#0","tintindex":0}}}],"textures":{"0":"modelengine:entity/castle"},"display":{"head":{"translation":[0.0,-6.4,0.0],"scale":[4.0,4.0,4.0]}}}