{"elements":[{"from":[-10.7771435,15.440001,6.582857],"to":[-5.108572,21.108572,9.417143],"rotation":{"angle":0.0,"axis":"y","origin":[8.0,8.0,8.0]},"faces":{"south":{"uv":[3.232,0.8,2.72,2.4],"rotation":0,"texture":"#0","tintindex":0},"north":{"uv":[2.72,0.8,3.232,2.4],"rotation":0,"texture":"#0","tintindex":0},"up":{"uv":[3.232,0.8,2.72,0.0],"rotation":0,"texture":"#0","tintindex":0},"down":{"uv":[3.232,3.2,2.72,2.4],"rotation":0,"texture":"#0","tintindex":0}}},{"from":[-11.13143,17.21143,6.2285714],"to":[-9.005714,19.337143,9.771429],"rotation":{"angle":0.0,"axis":"y","origin":[8.0,8.0,8.0]},"faces":{"east":{"uv":[0.0,10.6,0.016,10.65],"rotation":0,"texture":"#0","tintindex":0},"up":{"uv":[0.0,10.6,0.016,10.65],"rotation":0,"texture":"#0","tintindex":0},"down":{"uv":[0.0,10.6,0.016,10.65],"rotation":0,"texture":"#0","tintindex":0}}},{"from":[-4.754286,21.462856,9.771429],"to":[-11.13143,15.085714,6.2285714],"rotation":{"angle":0.0,"axis":"y","origin":[8.0,8.0,8.0]},"faces":{"east":{"uv":[0.44799998,10.6,0.46400002,10.9],"rotation":0,"texture":"#0","tintindex":0},"south":{"uv":[0.41599998,10.6,0.46400002,10.9],"rotation":0,"texture":"#0","tintindex":0},"north":{"uv":[0.46400002,10.6,0.41599998,10.9],"rotation":0,"texture":"#0","tintindex":0},"west":{"uv":[0.0,10.6,0.016,10.65],"rotation":0,"texture":"#0","tintindex":0},"up":{"uv":[0.0,10.6,0.016,10.65],"rotation":0,"texture":"#0","tintindex":0},"down":{"uv":[0.0,10.6,0.016,10.65],"rotation":0,"texture":"#0","tintindex":0}}}],"textures":{"0":"modelengine:entity/castle"},"display":{"head":{"translation":[0.0,-6.4,0.0],"scale":[4.0,4.0,4.0]}}}