{"elements":[{"from":[16.857143,8.354286,6.582857],"to":[22.525715,14.022858,9.417143],"rotation":{"angle":0.0,"axis":"y","origin":[8.0,8.0,8.0]},"faces":{"south":{"uv":[3.776,0.8,3.264,2.4],"rotation":0,"texture":"#0","tintindex":0},"north":{"uv":[3.264,0.8,3.776,2.4],"rotation":0,"texture":"#0","tintindex":0},"up":{"uv":[3.776,0.8,3.264,0.0],"rotation":0,"texture":"#0","tintindex":0},"down":{"uv":[3.776,3.2,3.264,2.4],"rotation":0,"texture":"#0","tintindex":0}}},{"from":[16.502857,10.125714,6.2285714],"to":[18.628572,12.251429,9.771429],"rotation":{"angle":0.0,"axis":"y","origin":[8.0,8.0,8.0]},"faces":{"east":{"uv":[0.0,10.6,0.016,10.65],"rotation":0,"texture":"#0","tintindex":0},"up":{"uv":[0.0,10.6,0.016,10.65],"rotation":0,"texture":"#0","tintindex":0}}},{"from":[18.628572,8.0,6.2285714],"to":[20.754286,10.125714,9.771429],"rotation":{"angle":0.0,"axis":"y","origin":[8.0,8.0,8.0]},"faces":{"east":{"uv":[0.0,10.6,0.016,10.65],"rotation":0,"texture":"#0","tintindex":0},"up":{"uv":[0.0,10.6,0.016,10.65],"rotation":0,"texture":"#0","tintindex":0}}},{"from":[22.880001,14.377143,9.771429],"to":[16.502857,8.0,6.2285714],"rotation":{"angle":0.0,"axis":"y","origin":[8.0,8.0,8.0]},"faces":{"east":{"uv":[0.49599996,10.9,0.512,10.6],"rotation":0,"texture":"#0","tintindex":0},"south":{"uv":[0.46400002,10.9,0.512,10.6],"rotation":0,"texture":"#0","tintindex":0},"north":{"uv":[0.512,10.9,0.46400002,10.6],"rotation":0,"texture":"#0","tintindex":0},"west":{"uv":[0.0,10.6,0.016,10.65],"rotation":0,"texture":"#0","tintindex":0},"up":{"uv":[0.46400002,10.85,0.512,10.9],"rotation":0,"texture":"#0","tintindex":0},"down":{"uv":[0.0,10.6,0.016,10.65],"rotation":0,"texture":"#0","tintindex":0}}}],"textures":{"0":"modelengine:entity/castle"},"display":{"head":{"translation":[0.0,-6.4,0.0],"scale":[4.0,4.0,4.0]}}}