{"elements":[{"from":[6.2285714,8.354286,6.582857],"to":[11.897143,14.022858,9.417143],"rotation":{"angle":0.0,"axis":"y","origin":[8.0,8.0,8.0]},"faces":{"south":{"uv":[4.3199997,0.8,3.8079998,2.4],"rotation":0,"texture":"#0","tintindex":0},"north":{"uv":[3.8079998,0.8,4.3199997,2.4],"rotation":0,"texture":"#0","tintindex":0},"up":{"uv":[4.3199997,0.8,3.8079998,0.0],"rotation":0,"texture":"#0","tintindex":0},"down":{"uv":[4.3199997,3.2,3.8079998,2.4],"rotation":0,"texture":"#0","tintindex":0}}},{"from":[9.062857,10.125714,6.2285714],"to":[10.125714,12.251429,9.771429],"rotation":{"angle":0.0,"axis":"y","origin":[8.0,8.0,8.0]},"faces":{"east":{"uv":[0.0,10.6,0.016,10.65],"rotation":0,"texture":"#0","tintindex":0},"west":{"uv":[0.0,10.6,0.016,10.65],"rotation":0,"texture":"#0","tintindex":0},"up":{"uv":[0.0,10.6,0.016,10.65],"rotation":0,"texture":"#0","tintindex":0},"down":{"uv":[0.0,10.6,0.016,10.65],"rotation":0,"texture":"#0","tintindex":0}}},{"from":[11.188572,8.0,6.2285714],"to":[12.251429,9.062857,9.771429],"rotation":{"angle":0.0,"axis":"y","origin":[8.0,8.0,8.0]},"faces":{"west":{"uv":[0.0,10.6,0.016,10.65],"rotation":0,"texture":"#0","tintindex":0},"up":{"uv":[0.0,10.6,0.016,10.65],"rotation":0,"texture":"#0","tintindex":0}}},{"from":[11.188572,13.314286,6.2285714],"to":[12.251429,14.377143,9.771429],"rotation":{"angle":0.0,"axis":"y","origin":[8.0,8.0,8.0]},"faces":{"west":{"uv":[0.0,10.6,0.016,10.65],"rotation":0,"texture":"#0","tintindex":0},"down":{"uv":[0.0,10.6,0.016,10.65],"rotation":0,"texture":"#0","tintindex":0}}},{"from":[12.251429,14.377143,9.771429],"to":[5.8742857,8.0,6.2285714],"rotation":{"angle":0.0,"axis":"y","origin":[8.0,8.0,8.0]},"faces":{"east":{"uv":[0.592,10.9,0.608,10.6],"rotation":0,"texture":"#0","tintindex":0},"south":{"uv":[0.512,10.9,0.608,10.6],"rotation":0,"texture":"#0","tintindex":0},"north":{"uv":[0.608,10.9,0.512,10.6],"rotation":0,"texture":"#0","tintindex":0},"west":{"uv":[0.512,10.9,0.528,10.6],"rotation":0,"texture":"#0","tintindex":0},"up":{"uv":[0.512,10.65,0.608,10.6],"rotation":0,"texture":"#0","tintindex":0},"down":{"uv":[0.512,10.65,0.608,10.6],"rotation":0,"texture":"#0","tintindex":0}}}],"textures":{"0":"modelengine:entity/castle"},"display":{"head":{"translation":[0.0,-6.4,0.0],"scale":[4.0,4.0,4.0]}}}