{"elements":[{"from":[-0.14857197,8.354286,6.582857],"to":[5.5199995,14.022858,9.417143],"rotation":{"angle":0.0,"axis":"y","origin":[8.0,8.0,8.0]},"faces":{"south":{"uv":[4.864,0.8,4.352,2.4],"rotation":0,"texture":"#0","tintindex":0},"north":{"uv":[4.352,0.8,4.864,2.4],"rotation":0,"texture":"#0","tintindex":0},"up":{"uv":[4.864,0.8,4.352,0.0],"rotation":0,"texture":"#0","tintindex":0},"down":{"uv":[4.864,3.2,4.352,2.4],"rotation":0,"texture":"#0","tintindex":0}}},{"from":[1.6228571,8.0,6.2285714],"to":[3.7485714,10.125714,9.771429],"rotation":{"angle":0.0,"axis":"y","origin":[8.0,8.0,8.0]},"faces":{"east":{"uv":[0.0,10.6,0.016,10.65],"rotation":0,"texture":"#0","tintindex":0},"west":{"uv":[0.0,10.6,0.016,10.65],"rotation":0,"texture":"#0","tintindex":0},"up":{"uv":[0.0,10.6,0.016,10.65],"rotation":0,"texture":"#0","tintindex":0}}},{"from":[1.6228571,12.251429,6.2285714],"to":[3.7485714,14.377143,9.771429],"rotation":{"angle":0.0,"axis":"y","origin":[8.0,8.0,8.0]},"faces":{"east":{"uv":[0.0,10.6,0.016,10.65],"rotation":0,"texture":"#0","tintindex":0},"west":{"uv":[0.0,10.6,0.016,10.65],"rotation":0,"texture":"#0","tintindex":0},"down":{"uv":[0.0,10.6,0.016,10.65],"rotation":0,"texture":"#0","tintindex":0}}},{"from":[5.8742857,14.377143,9.771429],"to":[-0.5028572,8.0,6.2285714],"rotation":{"angle":0.0,"axis":"y","origin":[8.0,8.0,8.0]},"faces":{"east":{"uv":[0.0,10.6,0.016,10.65],"rotation":0,"texture":"#0","tintindex":0},"south":{"uv":[0.592,10.75,0.64,10.6],"rotation":0,"texture":"#0","tintindex":0},"north":{"uv":[0.64,10.75,0.592,10.6],"rotation":0,"texture":"#0","tintindex":0},"west":{"uv":[0.0,10.6,0.016,10.65],"rotation":0,"texture":"#0","tintindex":0},"up":{"uv":[0.592,10.65,0.64,10.6],"rotation":0,"texture":"#0","tintindex":0},"down":{"uv":[0.592,10.65,0.64,10.6],"rotation":0,"texture":"#0","tintindex":0}}}],"textures":{"0":"modelengine:entity/castle"},"display":{"head":{"translation":[0.0,-6.4,0.0],"scale":[4.0,4.0,4.0]}}}