{"elements":[{"from":[12.605715,8.354286,6.582857],"to":[16.148571,14.022858,9.417143],"rotation":{"angle":0.0,"axis":"y","origin":[8.0,8.0,8.0]},"faces":{"south":{"uv":[5.2159996,0.8,4.896,2.4],"rotation":0,"texture":"#0","tintindex":0},"north":{"uv":[4.896,0.8,5.2159996,2.4],"rotation":0,"texture":"#0","tintindex":0},"up":{"uv":[5.2159996,0.8,4.896,0.0],"rotation":0,"texture":"#0","tintindex":0},"down":{"uv":[5.2159996,3.2,4.896,2.4],"rotation":0,"texture":"#0","tintindex":0}}},{"from":[12.251429,10.125714,6.2285714],"to":[13.314286,12.251429,9.771429],"rotation":{"angle":0.0,"axis":"y","origin":[8.0,8.0,8.0]},"faces":{"east":{"uv":[0.0,10.6,0.016,10.65],"rotation":0,"texture":"#0","tintindex":0},"up":{"uv":[0.0,10.6,0.016,10.65],"rotation":0,"texture":"#0","tintindex":0},"down":{"uv":[0.0,10.6,0.016,10.65],"rotation":0,"texture":"#0","tintindex":0}}},{"from":[15.440001,10.125714,6.2285714],"to":[16.502857,12.251429,9.771429],"rotation":{"angle":0.0,"axis":"y","origin":[8.0,8.0,8.0]},"faces":{"west":{"uv":[0.0,10.6,0.016,10.65],"rotation":0,"texture":"#0","tintindex":0},"up":{"uv":[0.0,10.6,0.016,10.65],"rotation":0,"texture":"#0","tintindex":0},"down":{"uv":[0.0,10.6,0.016,10.65],"rotation":0,"texture":"#0","tintindex":0}}},{"from":[16.502857,14.377143,9.771429],"to":[12.251429,8.0,6.2285714],"rotation":{"angle":0.0,"axis":"y","origin":[8.0,8.0,8.0]},"faces":{"east":{"uv":[0.624,10.9,0.608,10.75],"rotation":0,"texture":"#0","tintindex":0},"south":{"uv":[0.608,10.9,0.67199993,10.75],"rotation":0,"texture":"#0","tintindex":0},"north":{"uv":[0.67199993,10.9,0.608,10.75],"rotation":0,"texture":"#0","tintindex":0},"west":{"uv":[0.624,10.9,0.608,10.75],"rotation":0,"texture":"#0","tintindex":0},"up":{"uv":[0.0,10.6,0.016,10.65],"rotation":0,"texture":"#0","tintindex":0},"down":{"uv":[0.0,10.6,0.016,10.65],"rotation":0,"texture":"#0","tintindex":0}}}],"textures":{"0":"modelengine:entity/castle"},"display":{"head":{"translation":[0.0,-6.4,0.0],"scale":[4.0,4.0,4.0]}}}