{"elements":[{"from":[24.651428,10.4800005,6.582857],"to":[26.068573,11.897143,9.417143],"rotation":{"angle":0.0,"axis":"y","origin":[8.0,8.0,8.0]},"faces":{"south":{"uv":[14.144,4.7,14.016,5.1],"rotation":0,"texture":"#0","tintindex":0},"north":{"uv":[14.016,4.7,14.144,5.1],"rotation":0,"texture":"#0","tintindex":0},"up":{"uv":[14.144,4.1,14.016,3.3],"rotation":0,"texture":"#0","tintindex":0},"down":{"uv":[14.144,6.5,14.016,5.7],"rotation":0,"texture":"#0","tintindex":0}}},{"from":[26.42286,12.251429,9.771429],"to":[24.297144,10.125714,6.2285714],"rotation":{"angle":0.0,"axis":"y","origin":[8.0,8.0,8.0]},"faces":{"east":{"uv":[0.0,10.6,0.016,10.65],"rotation":0,"texture":"#0","tintindex":0},"south":{"uv":[0.0,10.6,0.016,10.65],"rotation":0,"texture":"#0","tintindex":0},"north":{"uv":[0.0,10.6,0.016,10.65],"rotation":0,"texture":"#0","tintindex":0},"west":{"uv":[0.0,10.6,0.016,10.65],"rotation":0,"texture":"#0","tintindex":0},"up":{"uv":[0.0,10.6,0.016,10.65],"rotation":0,"texture":"#0","tintindex":0},"down":{"uv":[0.0,10.6,0.016,10.65],"rotation":0,"texture":"#0","tintindex":0}}},{"from":[28.902859,17.565716,6.582857],"to":[30.320002,18.982857,9.417143],"rotation":{"angle":0.0,"axis":"y","origin":[8.0,8.0,8.0]},"faces":{"south":{"uv":[14.144,4.7,14.016,5.1],"rotation":0,"texture":"#0","tintindex":0},"north":{"uv":[14.016,4.7,14.144,5.1],"rotation":0,"texture":"#0","tintindex":0},"up":{"uv":[14.144,4.1,14.016,3.3],"rotation":0,"texture":"#0","tintindex":0},"down":{"uv":[14.144,6.5,14.016,5.7],"rotation":0,"texture":"#0","tintindex":0}}},{"from":[30.674288,19.337143,9.771429],"to":[28.548573,17.21143,6.2285714],"rotation":{"angle":0.0,"axis":"y","origin":[8.0,8.0,8.0]},"faces":{"east":{"uv":[0.0,10.6,0.016,10.65],"rotation":0,"texture":"#0","tintindex":0},"south":{"uv":[0.0,10.6,0.016,10.65],"rotation":0,"texture":"#0","tintindex":0},"north":{"uv":[0.0,10.6,0.016,10.65],"rotation":0,"texture":"#0","tintindex":0},"west":{"uv":[0.0,10.6,0.016,10.65],"rotation":0,"texture":"#0","tintindex":0},"up":{"uv":[0.0,10.6,0.016,10.65],"rotation":0,"texture":"#0","tintindex":0},"down":{"uv":[0.0,10.6,0.016,10.65],"rotation":0,"texture":"#0","tintindex":0}}}],"textures":{"0":"modelengine:entity/castle"},"display":{"head":{"translation":[0.0,-6.4,0.0],"scale":[4.0,4.0,4.0]}}}