{"elements":[{"from":[8.354286,15.440001,6.582857],"to":[14.022858,21.108572,9.417143],"rotation":{"angle":0.0,"axis":"y","origin":[8.0,8.0,8.0]},"faces":{"south":{"uv":[10.655999,0.8,10.144,2.4],"rotation":0,"texture":"#0","tintindex":0},"north":{"uv":[10.144,0.8,10.655999,2.4],"rotation":0,"texture":"#0","tintindex":0},"up":{"uv":[10.655999,0.8,10.144,0.0],"rotation":0,"texture":"#0","tintindex":0},"down":{"uv":[10.655999,3.2,10.144,2.4],"rotation":0,"texture":"#0","tintindex":0}}},{"from":[8.0,15.085714,6.2285714],"to":[9.062857,16.148571,9.771429],"rotation":{"angle":0.0,"axis":"y","origin":[8.0,8.0,8.0]},"faces":{"east":{"uv":[0.0,10.6,0.016,10.65],"rotation":0,"texture":"#0","tintindex":0},"up":{"uv":[0.0,10.6,0.016,10.65],"rotation":0,"texture":"#0","tintindex":0}}},{"from":[13.314286,20.400002,6.2285714],"to":[14.377143,21.462856,9.771429],"rotation":{"angle":0.0,"axis":"y","origin":[8.0,8.0,8.0]},"faces":{"west":{"uv":[0.0,10.6,0.016,10.65],"rotation":0,"texture":"#0","tintindex":0},"down":{"uv":[0.0,10.6,0.016,10.65],"rotation":0,"texture":"#0","tintindex":0}}},{"from":[13.314286,17.21143,6.2285714],"to":[14.377143,18.274286,9.771429],"rotation":{"angle":0.0,"axis":"y","origin":[8.0,8.0,8.0]},"faces":{"west":{"uv":[0.0,10.6,0.016,10.65],"rotation":0,"texture":"#0","tintindex":0},"up":{"uv":[0.0,10.6,0.016,10.65],"rotation":0,"texture":"#0","tintindex":0},"down":{"uv":[0.0,10.6,0.016,10.65],"rotation":0,"texture":"#0","tintindex":0}}},{"from":[8.0,18.274286,6.2285714],"to":[9.062857,19.337143,9.771429],"rotation":{"angle":0.0,"axis":"y","origin":[8.0,8.0,8.0]},"faces":{"east":{"uv":[0.0,10.6,0.016,10.65],"rotation":0,"texture":"#0","tintindex":0},"up":{"uv":[0.0,10.6,0.016,10.65],"rotation":0,"texture":"#0","tintindex":0},"down":{"uv":[0.0,10.6,0.016,10.65],"rotation":0,"texture":"#0","tintindex":0}}},{"from":[14.377143,21.462856,9.771429],"to":[8.0,15.085714,6.2285714],"rotation":{"angle":0.0,"axis":"y","origin":[8.0,8.0,8.0]},"faces":{"east":{"uv":[1.488,10.9,1.504,10.6],"rotation":0,"texture":"#0","tintindex":0},"south":{"uv":[1.408,10.9,1.504,10.6],"rotation":0,"texture":"#0","tintindex":0},"north":{"uv":[1.504,10.9,1.408,10.6],"rotation":0,"texture":"#0","tintindex":0},"west":{"uv":[1.408,10.9,1.4239999,10.6],"rotation":0,"texture":"#0","tintindex":0},"up":{"uv":[1.408,10.85,1.504,10.9],"rotation":0,"texture":"#0","tintindex":0},"down":{"uv":[1.408,10.6,1.504,10.65],"rotation":0,"texture":"#0","tintindex":0}}}],"textures":{"0":"modelengine:entity/castle"},"display":{"head":{"translation":[0.0,-6.4,0.0],"scale":[4.0,4.0,4.0]}}}