{"elements":[{"from":[-6.525715,8.354286,6.582857],"to":[-0.8571434,14.022858,9.417143],"rotation":{"angle":0.0,"axis":"y","origin":[8.0,8.0,8.0]},"faces":{"south":{"uv":[11.2,0.8,10.688001,2.4],"rotation":0,"texture":"#0","tintindex":0},"north":{"uv":[10.688001,0.8,11.2,2.4],"rotation":0,"texture":"#0","tintindex":0},"up":{"uv":[11.2,0.8,10.688001,0.0],"rotation":0,"texture":"#0","tintindex":0},"down":{"uv":[11.2,3.2,10.688001,2.4],"rotation":0,"texture":"#0","tintindex":0}}},{"from":[-6.880001,8.0,6.2285714],"to":[-4.754286,12.251429,9.771429],"rotation":{"angle":0.0,"axis":"y","origin":[8.0,8.0,8.0]},"faces":{"east":{"uv":[0.0,10.6,0.016,10.65],"rotation":0,"texture":"#0","tintindex":0},"up":{"uv":[0.0,10.6,0.016,10.65],"rotation":0,"texture":"#0","tintindex":0}}},{"from":[-2.6285725,8.0,6.2285714],"to":[-0.5028572,12.251429,9.771429],"rotation":{"angle":0.0,"axis":"y","origin":[8.0,8.0,8.0]},"faces":{"west":{"uv":[0.0,10.6,0.016,10.65],"rotation":0,"texture":"#0","tintindex":0},"up":{"uv":[0.0,10.6,0.016,10.65],"rotation":0,"texture":"#0","tintindex":0}}},{"from":[-0.5028572,14.377143,9.771429],"to":[-6.880001,8.0,6.2285714],"rotation":{"angle":0.0,"axis":"y","origin":[8.0,8.0,8.0]},"faces":{"east":{"uv":[2.176,10.9,2.192,10.75],"rotation":0,"texture":"#0","tintindex":0},"south":{"uv":[2.176,10.9,2.224,10.75],"rotation":0,"texture":"#0","tintindex":0},"north":{"uv":[2.176,10.9,2.224,10.75],"rotation":0,"texture":"#0","tintindex":0},"west":{"uv":[2.176,10.9,2.192,10.75],"rotation":0,"texture":"#0","tintindex":0},"up":{"uv":[2.176,10.85,2.224,10.9],"rotation":0,"texture":"#0","tintindex":0},"down":{"uv":[0.0,10.6,0.016,10.65],"rotation":0,"texture":"#0","tintindex":0}}},{"from":[1.9771428,15.440001,6.582857],"to":[7.6457143,21.108572,9.417143],"rotation":{"angle":0.0,"axis":"y","origin":[8.0,8.0,8.0]},"faces":{"south":{"uv":[11.2,0.8,10.688001,2.4],"rotation":0,"texture":"#0","tintindex":0},"north":{"uv":[10.688001,0.8,11.2,2.4],"rotation":0,"texture":"#0","tintindex":0},"up":{"uv":[11.2,0.8,10.688001,0.0],"rotation":0,"texture":"#0","tintindex":0},"down":{"uv":[11.2,3.2,10.688001,2.4],"rotation":0,"texture":"#0","tintindex":0}}},{"from":[1.6228571,15.085714,6.2285714],"to":[3.7485714,19.337143,9.771429],"rotation":{"angle":0.0,"axis":"y","origin":[8.0,8.0,8.0]},"faces":{"east":{"uv":[0.0,10.6,0.016,10.65],"rotation":0,"texture":"#0","tintindex":0},"up":{"uv":[0.0,10.6,0.016,10.65],"rotation":0,"texture":"#0","tintindex":0}}},{"from":[5.8742857,15.085714,6.2285714],"to":[8.0,19.337143,9.771429],"rotation":{"angle":0.0,"axis":"y","origin":[8.0,8.0,8.0]},"faces":{"west":{"uv":[0.0,10.6,0.016,10.65],"rotation":0,"texture":"#0","tintindex":0},"up":{"uv":[0.0,10.6,0.016,10.65],"rotation":0,"texture":"#0","tintindex":0}}},{"from":[8.0,21.462856,9.771429],"to":[1.6228571,15.085714,6.2285714],"rotation":{"angle":0.0,"axis":"y","origin":[8.0,8.0,8.0]},"faces":{"east":{"uv":[2.176,10.9,2.192,10.75],"rotation":0,"texture":"#0","tintindex":0},"south":{"uv":[2.176,10.9,2.224,10.75],"rotation":0,"texture":"#0","tintindex":0},"north":{"uv":[2.176,10.9,2.224,10.75],"rotation":0,"texture":"#0","tintindex":0},"west":{"uv":[2.176,10.9,2.192,10.75],"rotation":0,"texture":"#0","tintindex":0},"up":{"uv":[2.176,10.85,2.224,10.9],"rotation":0,"texture":"#0","tintindex":0},"down":{"uv":[0.0,10.6,0.016,10.65],"rotation":0,"texture":"#0","tintindex":0}}}],"textures":{"0":"modelengine:entity/castle"},"display":{"head":{"translation":[0.0,-6.4,0.0],"scale":[4.0,4.0,4.0]}}}