{"elements":[{"from":[6.857143,2.2857141,6.857143],"to":[9.142858,9.142858,9.142858],"rotation":{"angle":0.0,"axis":"y","origin":[9.142858,8.0,8.0]},"faces":{"east":{"uv":[5.0,0.5,5.5,2.0],"rotation":0,"texture":"#0","tintindex":0},"south":{"uv":[6.5,0.5,7.0,2.0],"rotation":0,"texture":"#0","tintindex":0},"north":{"uv":[5.5,0.5,6.0,2.0],"rotation":0,"texture":"#0","tintindex":0},"west":{"uv":[6.0,0.5,6.5,2.0],"rotation":0,"texture":"#0","tintindex":0},"up":{"uv":[6.0,0.5,5.5,0.0],"rotation":0,"texture":"#0","tintindex":0},"down":{"uv":[6.5,0.0,6.0,0.5],"rotation":0,"texture":"#0","tintindex":0}}},{"from":[6.6857142,3.4285712,6.742857],"to":[9.257143,7.428571,9.314285],"rotation":{"angle":0.0,"axis":"y","origin":[11.428572,-4.5714293,8.0]},"faces":{"east":{"uv":[6.0,2.5,6.5,3.375],"rotation":0,"texture":"#0","tintindex":0},"south":{"uv":[7.5,2.5,8.0,3.375],"rotation":0,"texture":"#0","tintindex":0},"north":{"uv":[6.5,2.5,7.0,3.375],"rotation":0,"texture":"#0","tintindex":0},"west":{"uv":[7.0,2.5,7.5,3.375],"rotation":0,"texture":"#0","tintindex":0},"up":{"uv":[7.0,2.5,6.5,2.0],"rotation":0,"texture":"#0","tintindex":0},"down":{"uv":[7.5,2.0,7.0,2.5],"rotation":0,"texture":"#0","tintindex":0}}}],"textures":{"0":"modelengine:entity/texture2"},"display":{"head":{"translation":[0.0,-6.4,0.0],"scale":[4.0,4.0,4.0]}}}