{"elements":[{"from":[6.857143,2.2857141,6.857143],"to":[9.142858,9.142858,9.142858],"rotation":{"angle":0.0,"axis":"y","origin":[6.857143,8.0,8.0]},"faces":{"east":{"uv":[0.0,5.0,0.5,6.5],"rotation":0,"texture":"#0","tintindex":0},"south":{"uv":[1.5,5.0,2.0,6.5],"rotation":0,"texture":"#0","tintindex":0},"north":{"uv":[0.5,5.0,1.0,6.5],"rotation":0,"texture":"#0","tintindex":0},"west":{"uv":[1.0,5.0,1.5,6.5],"rotation":0,"texture":"#0","tintindex":0},"up":{"uv":[1.0,5.0,0.5,4.5],"rotation":0,"texture":"#0","tintindex":0},"down":{"uv":[1.5,4.5,1.0,5.0],"rotation":0,"texture":"#0","tintindex":0}}},{"from":[6.742857,3.4285712,6.742857],"to":[9.314285,7.428571,9.314285],"rotation":{"angle":0.0,"axis":"y","origin":[4.5714283,-4.5714293,8.0]},"faces":{"east":{"uv":[6.0,3.875,6.5,4.75],"rotation":0,"texture":"#0","tintindex":0},"south":{"uv":[7.5,3.875,8.0,4.75],"rotation":0,"texture":"#0","tintindex":0},"north":{"uv":[6.5,3.875,7.0,4.75],"rotation":0,"texture":"#0","tintindex":0},"west":{"uv":[7.0,3.875,7.5,4.75],"rotation":0,"texture":"#0","tintindex":0},"up":{"uv":[7.0,3.875,6.5,3.375],"rotation":0,"texture":"#0","tintindex":0},"down":{"uv":[7.5,3.375,7.0,3.875],"rotation":0,"texture":"#0","tintindex":0}}}],"textures":{"0":"modelengine:entity/texture2"},"display":{"head":{"translation":[0.0,-6.4,0.0],"scale":[4.0,4.0,4.0]}}}