{"elements":[{"from":[6.6857142,4.5714283,6.6857142],"to":[9.3714285,8.571428,9.3714285],"rotation":{"angle":45.0,"axis":"x","origin":[8.0,8.0,8.0]},"faces":{"east":{"uv":[8.5,0.5,9.0,1.375],"rotation":0,"texture":"#0","tintindex":0},"south":{"uv":[10.0,0.5,10.5,1.375],"rotation":0,"texture":"#0","tintindex":0},"north":{"uv":[9.0,0.5,9.5,1.375],"rotation":0,"texture":"#0","tintindex":0},"west":{"uv":[9.5,0.5,10.0,1.375],"rotation":0,"texture":"#0","tintindex":0},"up":{"uv":[9.5,0.5,9.0,0.0],"rotation":0,"texture":"#0","tintindex":0},"down":{"uv":[10.0,0.0,9.5,0.5],"rotation":0,"texture":"#0","tintindex":0}}}],"textures":{"0":"modelengine:entity/texture2"},"display":{"head":{"translation":[0.0,-6.4,0.0],"scale":[4.0,4.0,4.0]}}}