{"elements":[{"from":[5.714286,5.714286,5.714286],"to":[10.285714,10.285714,10.285714],"rotation":{"angle":0.0,"axis":"y","origin":[8.0,-8.0,8.0]},"faces":{"east":{"uv":[0.0,1.0,1.0,2.0],"rotation":0,"texture":"#0","tintindex":0},"south":{"uv":[3.0,1.0,4.0,2.0],"rotation":0,"texture":"#0","tintindex":0},"north":{"uv":[1.0,1.0,2.0,2.0],"rotation":0,"texture":"#0","tintindex":0},"west":{"uv":[2.0,1.0,3.0,2.0],"rotation":0,"texture":"#0","tintindex":0},"up":{"uv":[2.0,1.0,1.0,0.0],"rotation":0,"texture":"#0","tintindex":0},"down":{"uv":[3.0,0.0,2.0,1.0],"rotation":0,"texture":"#0","tintindex":0}}}],"textures":{"0":"modelengine:entity/texture2"},"display":{"head":{"translation":[0.0,-6.4,0.0],"scale":[4.0,4.0,4.0]}}}