{"elements":[{"from":[7.1827707,7.525691,7.668926],"to":[8.897057,10.954263,9.383211],"rotation":{"angle":-45.0,"axis":"x","origin":[8.285714,7.4857144,8.571428]},"faces":{"east":{"uv":[7.0,0.375,7.375,1.125],"rotation":0,"texture":"#0","tintindex":0},"south":{"uv":[8.125,0.375,8.5,1.125],"rotation":0,"texture":"#0","tintindex":0},"north":{"uv":[7.375,0.375,7.75,1.125],"rotation":0,"texture":"#0","tintindex":0},"west":{"uv":[7.75,0.375,8.125,1.125],"rotation":0,"texture":"#0","tintindex":0},"up":{"uv":[7.75,0.375,7.375,0.0],"rotation":0,"texture":"#0","tintindex":0},"down":{"uv":[8.125,0.0,7.75,0.375],"rotation":0,"texture":"#0","tintindex":0}}}],"textures":{"0":"modelengine:entity/texture2"},"display":{"head":{"translation":[0.0,-6.4,0.0],"scale":[4.0,4.0,4.0]}}}