{"elements":[{"from":[7.4857144,8.057143,7.5714283],"to":[8.6285715,8.057143,9.857143],"rotation":{"angle":-22.5,"axis":"z","origin":[8.0,8.0,7.0]},"faces":{"east":{"uv":[1.25,0.5,0.75,0.5],"rotation":0,"texture":"#0","tintindex":0},"south":{"uv":[1.5,0.5,1.25,0.5],"rotation":0,"texture":"#0","tintindex":0},"north":{"uv":[0.75,0.5,0.5,0.5],"rotation":0,"texture":"#0","tintindex":0},"west":{"uv":[0.5,0.5,0.0,0.5],"rotation":0,"texture":"#0","tintindex":0},"up":{"uv":[0.5,0.5,0.75,0.0],"rotation":0,"texture":"#0","tintindex":0},"down":{"uv":[0.75,0.0,1.0,0.5],"rotation":0,"texture":"#0","tintindex":0}}}],"textures":{"0":"modelengine:entity/texture2"},"display":{"head":{"translation":[0.0,-6.4,0.0],"scale":[4.0,4.0,4.0]}}}