{"elements":[{"from":[6.9714284,7.457143,8.4],"to":[8.685715,8.6,11.828571],"rotation":{"angle":-22.5,"axis":"z","origin":[7.428571,7.857143,7.714286]},"faces":{"east":{"uv":[6.75,7.25,7.5,7.5],"rotation":0,"texture":"#0","tintindex":0},"south":{"uv":[8.625,7.25,9.0,7.5],"rotation":0,"texture":"#0","tintindex":0},"north":{"uv":[7.5,7.25,7.875,7.5],"rotation":0,"texture":"#0","tintindex":0},"west":{"uv":[7.875,7.25,8.625,7.5],"rotation":0,"texture":"#0","tintindex":0},"up":{"uv":[7.875,7.25,7.5,6.5],"rotation":0,"texture":"#0","tintindex":0},"down":{"uv":[8.25,6.5,7.875,7.25],"rotation":0,"texture":"#0","tintindex":0}}}],"textures":{"0":"modelengine:entity/texture2"},"display":{"head":{"translation":[0.0,-6.4,0.0],"scale":[4.0,4.0,4.0]}}}