{"elements":[{"from":[7.9428573,8.114285,7.285714],"to":[9.085714,8.114285,9.571428],"rotation":{"angle":22.5,"axis":"z","origin":[8.571428,8.057143,6.714286]},"faces":{"east":{"uv":[0.0,1.0,0.5,1.0],"rotation":0,"texture":"#0","tintindex":0},"south":{"uv":[1.25,1.0,1.5,1.0],"rotation":0,"texture":"#0","tintindex":0},"north":{"uv":[0.5,1.0,0.75,1.0],"rotation":0,"texture":"#0","tintindex":0},"west":{"uv":[0.75,1.0,1.25,1.0],"rotation":0,"texture":"#0","tintindex":0},"up":{"uv":[0.75,1.0,0.5,0.5],"rotation":0,"texture":"#0","tintindex":0},"down":{"uv":[1.0,0.5,0.75,1.0],"rotation":0,"texture":"#0","tintindex":0}}}],"textures":{"0":"modelengine:entity/texture2"},"display":{"head":{"translation":[0.0,-6.4,0.0],"scale":[4.0,4.0,4.0]}}}