{"elements":[{"from":[6.857143,1.1428566,6.857143],"to":[9.142858,8.0,9.142858],"rotation":{"angle":0.0,"axis":"y","origin":[6.857143,1.1428566,8.0]},"faces":{"east":{"uv":[5.5,5.75,6.0,7.25],"rotation":0,"texture":"#0","tintindex":0},"south":{"uv":[7.0,5.75,7.5,7.25],"rotation":0,"texture":"#0","tintindex":0},"north":{"uv":[6.0,5.75,6.5,7.25],"rotation":0,"texture":"#0","tintindex":0},"west":{"uv":[6.5,5.75,7.0,7.25],"rotation":0,"texture":"#0","tintindex":0},"up":{"uv":[6.5,5.75,6.0,5.25],"rotation":0,"texture":"#0","tintindex":0},"down":{"uv":[7.0,5.25,6.5,5.75],"rotation":0,"texture":"#0","tintindex":0}}}],"textures":{"0":"modelengine:entity/texture2"},"display":{"head":{"translation":[0.0,-6.4,0.0],"scale":[4.0,4.0,4.0]}}}