{"elements":[{"from":[5.542857,0.0,6.742857],"to":[10.457143,8.0,9.314285],"rotation":{"angle":0.0,"axis":"y","origin":[8.0,-5.714287,8.0]},"faces":{"east":{"uv":[3.0,4.0,3.5,5.75],"rotation":0,"texture":"#0","tintindex":0},"south":{"uv":[5.0,4.0,6.0,5.75],"rotation":0,"texture":"#0","tintindex":0},"north":{"uv":[3.5,4.0,4.5,5.75],"rotation":0,"texture":"#0","tintindex":0},"west":{"uv":[4.5,4.0,5.0,5.75],"rotation":0,"texture":"#0","tintindex":0},"up":{"uv":[4.5,4.0,3.5,3.5],"rotation":0,"texture":"#0","tintindex":0},"down":{"uv":[5.5,3.5,4.5,4.0],"rotation":0,"texture":"#0","tintindex":0}}}],"textures":{"0":"modelengine:entity/texture2"},"display":{"head":{"translation":[0.0,-6.4,0.0],"scale":[4.0,4.0,4.0]}}}