{
    "groups": [{
        "name": "cabeca_auto_chifreB1",
        "color": 0,
        "children": [
            0,
            1
        ],
        "origin": [
            -1.8565625000000001,
            17.623062500000014,
            -1.428125
        ]
    }],
    "textures": {"0": "dmodels/bixo2/texture"},
    "elements": [{
        "name": "chifreB1",
        "from": [
            -0.5170233706348528,
            -0.06156389869419468,
            -0.6282671412110773
        ],
        "to": [
            1.1967266293651473,
            3.3659361013058096,
            1.0854828587889227
        ],
        "faces": {
            "west": {
                "uv": [
                    0.75,
                    6.875,
                    1.125,
                    7.625
                ],
                "texture": "#0"
            },
            "east": {
                "uv": [
                    0,
                    6.875,
                    0.375,
                    7.625
                ],
                "texture": "#0"
            },
            "up": {
                "uv": [
                    0.75,
                    6.875,
                    0.375,
                    6.5
                ],
                "texture": "#0"
            },
            "south": {
                "uv": [
                    1.125,
                    6.875,
                    1.5,
                    7.625
                ],
                "texture": "#0"
            },
            "down": {
                "uv": [
                    1.125,
                    6.5,
                    0.75,
                    6.875
                ],
                "texture": "#0"
            },
            "north": {
                "uv": [
                    0.375,
                    6.875,
                    0.75,
                    7.625
                ],
                "texture": "#0"
            }
        },
        "rotation": {
            "axis": "y",
            "angle": 0,
            "origin": [
                1.8565625000000001,
                -17.623062500000014,
                1.428125
            ]
        }
    }],
    "display": {"head": {
        "translation": [
            32,
            25,
            32
        ],
        "scale": [
            4,
            4,
            4
        ]
    }}
}