{
    "groups": [{
        "name": "cabeca_auto_chifreA1",
        "color": 0,
        "children": [
            0,
            1
        ],
        "origin": [
            1.71375,
            17.765875000000012,
            -1.1425
        ]
    }],
    "textures": {"0": "dmodels/bixo2/texture"},
    "elements": [{
        "name": "chifreA1",
        "from": [
            -1.1025989103111753,
            0.03996424450294609,
            -0.9022208718446502
        ],
        "to": [
            0.6111510896888237,
            3.467464244502944,
            0.8115291281553499
        ],
        "faces": {
            "west": {
                "uv": [
                    7.75,
                    0.375,
                    8.125,
                    1.125
                ],
                "texture": "#0"
            },
            "east": {
                "uv": [
                    7,
                    0.375,
                    7.375,
                    1.125
                ],
                "texture": "#0"
            },
            "up": {
                "uv": [
                    7.75,
                    0.375,
                    7.375,
                    0
                ],
                "texture": "#0"
            },
            "south": {
                "uv": [
                    8.125,
                    0.375,
                    8.5,
                    1.125
                ],
                "texture": "#0"
            },
            "down": {
                "uv": [
                    8.125,
                    0,
                    7.75,
                    0.375
                ],
                "texture": "#0"
            },
            "north": {
                "uv": [
                    7.375,
                    0.375,
                    7.75,
                    1.125
                ],
                "texture": "#0"
            }
        },
        "rotation": {
            "axis": "y",
            "angle": 0,
            "origin": [
                -1.71375,
                -17.765875000000012,
                1.1425
            ]
        }
    }],
    "display": {"head": {
        "translation": [
            32,
            25,
            32
        ],
        "scale": [
            4,
            4,
            4
        ]
    }}
}