{
    "groups": [{
        "name": "body",
        "color": 0,
        "children": [
            0,
            1
        ],
        "origin": [
            -5.14125,
            6.912125000000007,
            0.285625
        ]
    }],
    "textures": {"0": "dmodels/passarin/stiched_texture"},
    "elements": [{
        "name": "body",
        "from": [
            -0.856875,
            -4.0589753780295726E-15,
            -0.856875
        ],
        "to": [
            0.856875,
            3.427499999999989,
            0.856875
        ],
        "faces": {
            "west": {
                "uv": [
                    0.12549019607843137,
                    0.7213114754098361,
                    0.17254901960784313,
                    1.1147540983606556
                ],
                "texture": "#0"
            },
            "east": {
                "uv": [
                    0.03137254901960784,
                    0.7213114754098361,
                    0.0784313725490196,
                    1.1147540983606556
                ],
                "texture": "#0"
            },
            "up": {
                "uv": [
                    0.12549019607843137,
                    0.7213114754098361,
                    0.0784313725490196,
                    0.5245901639344263
                ],
                "texture": "#0"
            },
            "south": {
                "uv": [
                    0.17254901960784313,
                    0.7213114754098361,
                    0.2196078431372549,
                    1.1147540983606556
                ],
                "texture": "#0"
            },
            "down": {
                "uv": [
                    0.17254901960784313,
                    0.5245901639344263,
                    0.12549019607843137,
                    0.7213114754098361
                ],
                "texture": "#0"
            },
            "north": {
                "uv": [
                    0.0784313725490196,
                    0.7213114754098361,
                    0.12549019607843137,
                    1.1147540983606556
                ],
                "texture": "#0"
            }
        },
        "rotation": {
            "axis": "y",
            "angle": 0,
            "origin": [
                0,
                -0.8568750000000042,
                1.71375
            ]
        }
    }],
    "display": {"head": {
        "translation": [
            32,
            25,
            32
        ],
        "scale": [
            4,
            4,
            4
        ]
    }}
}