{
    "groups": [{
        "name": "close_terminator",
        "color": 0,
        "children": [
            0,
            1
        ],
        "origin": [
            0,
            0,
            0
        ]
    }],
    "textures": {"0": "dmodels/passarin/stiched_texture"},
    "elements": [{
        "name": "cube5",
        "from": [
            -10.968000000000002,
            0.22850000000000004,
            -0.9140000000000001
        ],
        "to": [
            -10.2825,
            5.7125,
            0.9140000000000001
        ],
        "faces": {
            "west": {
                "uv": [
                    5.584313725490196,
                    11.80327868852459,
                    5.8352941176470585,
                    14.950819672131148
                ],
                "texture": "#0"
            },
            "east": {
                "uv": [
                    0.7215686274509804,
                    0,
                    0.7686274509803922,
                    0.19672131147540983
                ],
                "texture": "#0"
            },
            "up": {
                "uv": [
                    5.584313725490196,
                    11.80327868852459,
                    5.490196078431373,
                    10.754098360655739
                ],
                "texture": "#0"
            },
            "south": {
                "uv": [
                    5.584313725490196,
                    11.80327868852459,
                    5.490196078431373,
                    14.950819672131148
                ],
                "texture": "#0"
            },
            "down": {
                "uv": [
                    5.458823529411765,
                    16,
                    5.364705882352941,
                    14.950819672131146
                ],
                "texture": "#0"
            },
            "north": {
                "uv": [
                    5.490196078431373,
                    11.80327868852459,
                    5.584313725490196,
                    14.950819672131148
                ],
                "texture": "#0"
            }
        },
        "rotation": {
            "axis": "y",
            "angle": 0,
            "origin": [
                0,
                0,
                0
            ]
        }
    }],
    "display": {"head": {
        "translation": [
            32,
            25,
            32
        ],
        "scale": [
            4,
            4,
            4
        ]
    }}
}