{
    "groups": [{
        "name": "g",
        "color": 0,
        "children": [
            0,
            1
        ],
        "origin": [
            0,
            2.85625,
            0
        ]
    }],
    "textures": {"0": "dmodels/passarin/stiched_texture"},
    "elements": [{
        "name": "cube6",
        "from": [
            -2.0565,
            -2.62775,
            -0.9140000000000001
        ],
        "to": [
            2.0565,
            2.85625,
            0.9140000000000001
        ],
        "faces": {
            "west": {
                "uv": [
                    0.7215686274509804,
                    0,
                    0.7686274509803922,
                    0.19672131147540983
                ],
                "texture": "#0"
            },
            "east": {
                "uv": [
                    0.7215686274509804,
                    0,
                    0.7686274509803922,
                    0.19672131147540983
                ],
                "texture": "#0"
            },
            "up": {
                "uv": [
                    5.23921568627451,
                    1.0491803278688525,
                    4.674509803921569,
                    0
                ],
                "texture": "#0"
            },
            "south": {
                "uv": [
                    5.23921568627451,
                    1.0491803278688525,
                    4.674509803921569,
                    4.19672131147541
                ],
                "texture": "#0"
            },
            "down": {
                "uv": [
                    15.780392156862746,
                    5.245901639344262,
                    15.215686274509803,
                    4.19672131147541
                ],
                "texture": "#0"
            },
            "north": {
                "uv": [
                    4.674509803921569,
                    1.0491803278688525,
                    5.23921568627451,
                    4.19672131147541
                ],
                "texture": "#0"
            }
        },
        "rotation": {
            "axis": "y",
            "angle": 0,
            "origin": [
                0,
                -2.85625,
                0
            ]
        }
    }],
    "display": {"head": {
        "translation": [
            32,
            25,
            32
        ],
        "scale": [
            4,
            4,
            4
        ]
    }}
}