{
    "groups": [{
        "name": "head",
        "color": 0,
        "children": [
            0,
            1,
            2,
            3,
            4,
            5
        ],
        "origin": [
            -5.14125,
            10.796624999999993,
            0.39987499999999354
        ]
    }],
    "textures": {"0": "dmodels/passarin/stiched_texture"},
    "elements": [
        {
            "name": "head",
            "from": [
                -0.57125,
                -0.856875,
                -0.57125
            ],
            "to": [
                0.57125,
                0.856875,
                0.57125
            ],
            "faces": {
                "west": {
                    "uv": [
                        0.09411764705882353,
                        0.26229508196721313,
                        0.12549019607843137,
                        0.45901639344262296
                    ],
                    "texture": "#0"
                },
                "east": {
                    "uv": [
                        0.03137254901960784,
                        0.26229508196721313,
                        0.06274509803921569,
                        0.45901639344262296
                    ],
                    "texture": "#0"
                },
                "up": {
                    "uv": [
                        0.09411764705882353,
                        0.26229508196721313,
                        0.06274509803921569,
                        0.13114754098360656
                    ],
                    "texture": "#0"
                },
                "south": {
                    "uv": [
                        0.12549019607843137,
                        0.26229508196721313,
                        0.1568627450980392,
                        0.45901639344262296
                    ],
                    "texture": "#0"
                },
                "down": {
                    "uv": [
                        0.12549019607843137,
                        0.13114754098360656,
                        0.09411764705882353,
                        0.26229508196721313
                    ],
                    "texture": "#0"
                },
                "north": {
                    "uv": [
                        0.06274509803921569,
                        0.26229508196721313,
                        0.09411764705882353,
                        0.45901639344262296
                    ],
                    "texture": "#0"
                }
            },
            "rotation": {
                "axis": "y",
                "angle": 0,
                "origin": [
                    0,
                    -4.741374999999992,
                    1.5995000000000066
                ]
            }
        },
        {
            "name": "head2",
            "from": [
                -0.57125,
                0.856875,
                -1.71375
            ],
            "to": [
                0.57125,
                1.428125,
                0.57125
            ],
            "faces": {
                "west": {
                    "uv": [
                        0.25098039215686274,
                        0.26229508196721313,
                        0.3137254901960784,
                        0.32786885245901637
                    ],
                    "texture": "#0"
                },
                "east": {
                    "uv": [
                        0.1568627450980392,
                        0.26229508196721313,
                        0.2196078431372549,
                        0.32786885245901637
                    ],
                    "texture": "#0"
                },
                "up": {
                    "uv": [
                        0.25098039215686274,
                        0.26229508196721313,
                        0.2196078431372549,
                        0
                    ],
                    "texture": "#0"
                },
                "south": {
                    "uv": [
                        0.3137254901960784,
                        0.26229508196721313,
                        0.34509803921568627,
                        0.32786885245901637
                    ],
                    "texture": "#0"
                },
                "down": {
                    "uv": [
                        0.2823529411764706,
                        0,
                        0.25098039215686274,
                        0.26229508196721313
                    ],
                    "texture": "#0"
                },
                "north": {
                    "uv": [
                        0.2196078431372549,
                        0.26229508196721313,
                        0.25098039215686274,
                        0.32786885245901637
                    ],
                    "texture": "#0"
                }
            },
            "rotation": {
                "axis": "y",
                "angle": 0,
                "origin": [
                    0,
                    -4.741374999999992,
                    1.5995000000000066
                ]
            }
        },
        {
            "name": "head3",
            "from": [
                -0.285625,
                -0.285625,
                -1.085374999999987
            ],
            "to": [
                0.285625,
                0.856875,
                -0.5141249999999871
            ],
            "faces": {
                "west": {
                    "uv": [
                        0.20392156862745098,
                        0.5245901639344263,
                        0.2196078431372549,
                        0.6557377049180327
                    ],
                    "texture": "#0"
                },
                "east": {
                    "uv": [
                        0.17254901960784313,
                        0.5245901639344263,
                        0.18823529411764706,
                        0.6557377049180327
                    ],
                    "texture": "#0"
                },
                "up": {
                    "uv": [
                        0.20392156862745098,
                        0.5245901639344263,
                        0.18823529411764706,
                        0.45901639344262296
                    ],
                    "texture": "#0"
                },
                "south": {
                    "uv": [
                        0.2196078431372549,
                        0.5245901639344263,
                        0.23529411764705882,
                        0.6557377049180327
                    ],
                    "texture": "#0"
                },
                "down": {
                    "uv": [
                        0.2196078431372549,
                        0.45901639344262296,
                        0.20392156862745098,
                        0.5245901639344263
                    ],
                    "texture": "#0"
                },
                "north": {
                    "uv": [
                        0.18823529411764706,
                        0.5245901639344263,
                        0.20392156862745098,
                        0.6557377049180327
                    ],
                    "texture": "#0"
                }
            },
            "rotation": {
                "axis": "y",
                "angle": 0,
                "origin": [
                    0,
                    -4.741374999999992,
                    1.5995000000000066
                ]
            }
        },
        {
            "name": "head4",
            "from": [
                -0.285625,
                -0.11425000000000163,
                -1.6566249999999871
            ],
            "to": [
                0.285625,
                0.856875,
                -1.085374999999987
            ],
            "faces": {
                "west": {
                    "uv": [
                        0.2823529411764706,
                        0.5245901639344263,
                        0.2980392156862745,
                        0.5901639344262295
                    ],
                    "texture": "#0"
                },
                "east": {
                    "uv": [
                        0.25098039215686274,
                        0.5245901639344263,
                        0.26666666666666666,
                        0.5901639344262295
                    ],
                    "texture": "#0"
                },
                "up": {
                    "uv": [
                        0.2823529411764706,
                        0.5245901639344263,
                        0.26666666666666666,
                        0.45901639344262296
                    ],
                    "texture": "#0"
                },
                "south": {
                    "uv": [
                        0.2980392156862745,
                        0.5245901639344263,
                        0.3137254901960784,
                        0.5901639344262295
                    ],
                    "texture": "#0"
                },
                "down": {
                    "uv": [
                        0.2980392156862745,
                        0.45901639344262296,
                        0.2823529411764706,
                        0.5245901639344263
                    ],
                    "texture": "#0"
                },
                "north": {
                    "uv": [
                        0.26666666666666666,
                        0.5245901639344263,
                        0.2823529411764706,
                        0.5901639344262295
                    ],
                    "texture": "#0"
                }
            },
            "rotation": {
                "axis": "y",
                "angle": 0,
                "origin": [
                    0,
                    -4.741374999999992,
                    1.5995000000000066
                ]
            }
        },
        {
            "name": "head5",
            "from": [
                -0.028562500000000407,
                0.4569999999999984,
                -1.1996249999999968
            ],
            "to": [
                0.028562499999999394,
                3.3132499999999987,
                1.0853750000000033
            ],
            "faces": {
                "west": {
                    "uv": [
                        0.09411764705882353,
                        1.4426229508196722,
                        0.1568627450980392,
                        1.7704918032786885
                    ],
                    "texture": "#0"
                },
                "east": {
                    "uv": [
                        0.03137254901960784,
                        1.4426229508196722,
                        0.09411764705882353,
                        1.7704918032786885
                    ],
                    "texture": "#0"
                },
                "up": {
                    "uv": [
                        0.1568627450980392,
                        1.7049180327868851,
                        0.17254901960784313,
                        1.4426229508196722
                    ],
                    "texture": "#0"
                },
                "south": {
                    "uv": [
                        0.17254901960784313,
                        1.5737704918032787,
                        0.18823529411764706,
                        1.7704918032786885
                    ],
                    "texture": "#0"
                },
                "down": {
                    "uv": [
                        0.09411764705882353,
                        1.180327868852459,
                        0.09411764705882353,
                        1.4426229508196722
                    ],
                    "texture": "#0"
                },
                "north": {
                    "uv": [
                        0.09411764705882353,
                        1.4426229508196722,
                        0.09411764705882353,
                        1.7704918032786885
                    ],
                    "texture": "#0"
                }
            },
            "rotation": {
                "axis": "y",
                "angle": 0,
                "origin": [
                    0,
                    -4.741374999999992,
                    1.5995000000000066
                ]
            }
        }
    ],
    "display": {"head": {
        "translation": [
            32,
            25,
            32
        ],
        "scale": [
            4,
            4,
            4
        ]
    }}
}