{
    "groups": [{
        "name": "j",
        "color": 0,
        "children": [
            0,
            1
        ],
        "origin": [
            0,
            2.85625,
            0
        ]
    }],
    "textures": {"0": "dmodels/passarin/stiched_texture"},
    "elements": [{
        "name": "cube",
        "from": [
            6.169500000000001,
            -2.62775,
            -0.9140000000000001
        ],
        "to": [
            10.2825,
            2.85625,
            0.9140000000000001
        ],
        "faces": {
            "west": {
                "uv": [
                    0.7843137254901961,
                    0.06557377049180328,
                    0.8627450980392157,
                    0.26229508196721313
                ],
                "texture": "#0"
            },
            "east": {
                "uv": [
                    0.7843137254901961,
                    0.06557377049180328,
                    0.8627450980392157,
                    0.26229508196721313
                ],
                "texture": "#0"
            },
            "up": {
                "uv": [
                    6.8392156862745095,
                    1.0491803278688525,
                    6.2745098039215685,
                    0
                ],
                "texture": "#0"
            },
            "south": {
                "uv": [
                    6.8392156862745095,
                    1.0491803278688525,
                    6.2745098039215685,
                    4.19672131147541
                ],
                "texture": "#0"
            },
            "down": {
                "uv": [
                    15.780392156862746,
                    5.245901639344262,
                    15.215686274509803,
                    4.19672131147541
                ],
                "texture": "#0"
            },
            "north": {
                "uv": [
                    6.2745098039215685,
                    1.0491803278688525,
                    6.8392156862745095,
                    4.19672131147541
                ],
                "texture": "#0"
            }
        },
        "rotation": {
            "axis": "y",
            "angle": 0,
            "origin": [
                0,
                0,
                0
            ]
        }
    }],
    "display": {"head": {
        "translation": [
            32,
            25,
            32
        ],
        "scale": [
            4,
            4,
            4
        ]
    }}
}