{
    "groups": [{
        "name": "leg0",
        "color": 0,
        "children": [
            0,
            1,
            2
        ],
        "origin": [
            -5.998125,
            6.626500000000001,
            0.285625
        ]
    }],
    "textures": {"0": "dmodels/passarin/stiched_texture"},
    "elements": [
        {
            "name": "leg0",
            "from": [
                0,
                -0.856875,
                -0.57125
            ],
            "to": [
                0.57125,
                -0.8425937499999998,
                0
            ],
            "faces": {
                "west": {
                    "uv": [
                        0.26666666666666666,
                        1.3114754098360655,
                        0.25098039215686274,
                        1.3114754098360655
                    ],
                    "texture": "#0"
                },
                "east": {
                    "uv": [
                        0.2980392156862745,
                        1.3114754098360655,
                        0.2823529411764706,
                        1.3114754098360655
                    ],
                    "texture": "#0"
                },
                "up": {
                    "uv": [
                        0.26666666666666666,
                        1.3114754098360655,
                        0.2823529411764706,
                        1.2459016393442623
                    ],
                    "texture": "#0"
                },
                "south": {
                    "uv": [
                        0.3137254901960784,
                        1.3114754098360655,
                        0.2980392156862745,
                        1.3114754098360655
                    ],
                    "texture": "#0"
                },
                "down": {
                    "uv": [
                        0.2823529411764706,
                        1.2459016393442623,
                        0.2980392156862745,
                        1.3114754098360655
                    ],
                    "texture": "#0"
                },
                "north": {
                    "uv": [
                        0.2823529411764706,
                        1.3114754098360655,
                        0.26666666666666666,
                        1.3114754098360655
                    ],
                    "texture": "#0"
                }
            },
            "rotation": {
                "axis": "y",
                "angle": 0,
                "origin": [
                    0.856875,
                    -0.856875,
                    0.285625
                ]
            }
        },
        {
            "name": "leg02",
            "from": [
                0,
                -0.856875,
                -0.01428124999999995
            ],
            "to": [
                0.57125,
                0.285625,
                0
            ],
            "faces": {
                "west": {
                    "uv": [
                        0.26666666666666666,
                        1.2459016393442623,
                        0.26666666666666666,
                        1.3770491803278688
                    ],
                    "texture": "#0"
                },
                "east": {
                    "uv": [
                        0.2823529411764706,
                        1.2459016393442623,
                        0.2823529411764706,
                        1.3770491803278688
                    ],
                    "texture": "#0"
                },
                "up": {
                    "uv": [
                        0.26666666666666666,
                        1.2459016393442623,
                        0.2823529411764706,
                        1.2459016393442623
                    ],
                    "texture": "#0"
                },
                "south": {
                    "uv": [
                        0.26666666666666666,
                        1.2459016393442623,
                        0.26666666666666666,
                        1.3770491803278688
                    ],
                    "texture": "#0"
                },
                "down": {
                    "uv": [
                        0.2823529411764706,
                        1.2459016393442623,
                        0.2980392156862745,
                        1.2459016393442623
                    ],
                    "texture": "#0"
                },
                "north": {
                    "uv": [
                        0.2823529411764706,
                        1.2459016393442623,
                        0.26666666666666666,
                        1.3770491803278688
                    ],
                    "texture": "#0"
                }
            },
            "rotation": {
                "axis": "y",
                "angle": 0,
                "origin": [
                    0.856875,
                    -0.856875,
                    0.285625
                ]
            }
        }
    ],
    "display": {"head": {
        "translation": [
            32,
            25,
            32
        ],
        "scale": [
            4,
            4,
            4
        ]
    }}
}