{
    "groups": [{
        "name": "r",
        "color": 0,
        "children": [
            0,
            1
        ],
        "origin": [
            0,
            2.85625,
            0
        ]
    }],
    "textures": {"0": "dmodels/passarin/stiched_texture"},
    "elements": [{
        "name": "cube3",
        "from": [
            -10.2825,
            -2.62775,
            -0.9140000000000001
        ],
        "to": [
            -6.169500000000001,
            2.85625,
            0.9140000000000001
        ],
        "faces": {
            "west": {
                "uv": [
                    0.7215686274509804,
                    0,
                    0.7686274509803922,
                    0.19672131147540983
                ],
                "texture": "#0"
            },
            "east": {
                "uv": [
                    0.7215686274509804,
                    0,
                    0.7686274509803922,
                    0.19672131147540983
                ],
                "texture": "#0"
            },
            "up": {
                "uv": [
                    11.607843137254902,
                    1.0491803278688525,
                    11.04313725490196,
                    0
                ],
                "texture": "#0"
            },
            "south": {
                "uv": [
                    11.607843137254902,
                    1.0491803278688525,
                    11.04313725490196,
                    4.19672131147541
                ],
                "texture": "#0"
            },
            "down": {
                "uv": [
                    11.607843137254902,
                    5.245901639344262,
                    11.04313725490196,
                    4.19672131147541
                ],
                "texture": "#0"
            },
            "north": {
                "uv": [
                    11.04313725490196,
                    1.0491803278688525,
                    11.607843137254902,
                    4.19672131147541
                ],
                "texture": "#0"
            }
        },
        "rotation": {
            "axis": "y",
            "angle": 0,
            "origin": [
                0,
                -2.85625,
                0
            ]
        }
    }],
    "display": {"head": {
        "translation": [
            32,
            25,
            32
        ],
        "scale": [
            4,
            4,
            4
        ]
    }}
}