{
    "groups": [{
        "name": "tail",
        "color": 0,
        "children": [
            0,
            1
        ],
        "origin": [
            -5.14125,
            7.711875000000005,
            2.1136249999999936
        ]
    }],
    "textures": {"0": "dmodels/passarin/stiched_texture"},
    "elements": [{
        "name": "tail",
        "from": [
            -0.856875,
            -1.71375,
            -0.57125
        ],
        "to": [
            0.856875,
            0.57125,
            0
        ],
        "faces": {
            "west": {
                "uv": [
                    0.40784313725490196,
                    0.13114754098360656,
                    0.4235294117647059,
                    0.39344262295081966
                ],
                "texture": "#0"
            },
            "east": {
                "uv": [
                    0.34509803921568627,
                    0.13114754098360656,
                    0.3607843137254902,
                    0.39344262295081966
                ],
                "texture": "#0"
            },
            "up": {
                "uv": [
                    0.40784313725490196,
                    0.13114754098360656,
                    0.3607843137254902,
                    0.06557377049180328
                ],
                "texture": "#0"
            },
            "south": {
                "uv": [
                    0.4235294117647059,
                    0.13114754098360656,
                    0.47058823529411764,
                    0.39344262295081966
                ],
                "texture": "#0"
            },
            "down": {
                "uv": [
                    0.4549019607843137,
                    0.06557377049180328,
                    0.40784313725490196,
                    0.13114754098360656
                ],
                "texture": "#0"
            },
            "north": {
                "uv": [
                    0.3607843137254902,
                    0.13114754098360656,
                    0.40784313725490196,
                    0.39344262295081966
                ],
                "texture": "#0"
            }
        },
        "rotation": {
            "axis": "y",
            "angle": 0,
            "origin": [
                0,
                -1.6566250000000033,
                -0.6854999999999936
            ]
        }
    }],
    "display": {"head": {
        "translation": [
            32,
            25,
            32
        ],
        "scale": [
            4,
            4,
            4
        ]
    }}
}