{
    "groups": [{
        "name": "wing0",
        "color": 0,
        "children": [
            0,
            1
        ],
        "origin": [
            -5.998125,
            10.111124999999992,
            0.39987499999999354
        ]
    }],
    "textures": {"0": "dmodels/passarin/stiched_texture"},
    "elements": [{
        "name": "wing0",
        "from": [
            -0.285625,
            -2.856249999999993,
            -0.856875
        ],
        "to": [
            0.285625,
            0,
            0.856875
        ],
        "faces": {
            "west": {
                "uv": [
                    0.3607843137254902,
                    0.7213114754098361,
                    0.40784313725490196,
                    1.0491803278688525
                ],
                "texture": "#0"
            },
            "east": {
                "uv": [
                    0.2980392156862745,
                    0.7213114754098361,
                    0.34509803921568627,
                    1.0491803278688525
                ],
                "texture": "#0"
            },
            "up": {
                "uv": [
                    0.3607843137254902,
                    0.7213114754098361,
                    0.34509803921568627,
                    0.5245901639344263
                ],
                "texture": "#0"
            },
            "south": {
                "uv": [
                    0.40784313725490196,
                    0.7213114754098361,
                    0.4235294117647059,
                    1.0491803278688525
                ],
                "texture": "#0"
            },
            "down": {
                "uv": [
                    0.3764705882352941,
                    0.5245901639344263,
                    0.3607843137254902,
                    0.7213114754098361
                ],
                "texture": "#0"
            },
            "north": {
                "uv": [
                    0.34509803921568627,
                    0.7213114754098361,
                    0.3607843137254902,
                    1.0491803278688525
                ],
                "texture": "#0"
            }
        },
        "rotation": {
            "axis": "y",
            "angle": 0,
            "origin": [
                0.856875,
                -4.05587499999999,
                1.5995000000000066
            ]
        }
    }],
    "display": {"head": {
        "translation": [
            32,
            25,
            32
        ],
        "scale": [
            4,
            4,
            4
        ]
    }}
}