{
    "groups": [{
        "name": "body2",
        "color": 0,
        "children": [
            0,
            1,
            2
        ],
        "origin": [
            0,
            2.285,
            0
        ]
    }],
    "textures": {"0": "dmodels/persoacordando/asdads1"},
    "elements": [
        {
            "name": "body2",
            "from": [
                -0.856875,
                -2.285,
                -0.57125
            ],
            "to": [
                0.856875,
                0,
                0.57125
            ],
            "faces": {
                "west": {
                    "uv": [
                        10.166666666666666,
                        6,
                        10.5,
                        8
                    ],
                    "texture": "#0"
                },
                "east": {
                    "uv": [
                        9.333333333333334,
                        6,
                        9.666666666666666,
                        8
                    ],
                    "texture": "#0"
                },
                "up": {
                    "uv": [
                        10.166666666666666,
                        6,
                        9.666666666666666,
                        5
                    ],
                    "texture": "#0"
                },
                "south": {
                    "uv": [
                        10.5,
                        6,
                        11,
                        8
                    ],
                    "texture": "#0"
                },
                "down": {
                    "uv": [
                        10.666666666666666,
                        5,
                        10.166666666666666,
                        6
                    ],
                    "texture": "#0"
                },
                "north": {
                    "uv": [
                        9.666666666666666,
                        6,
                        10.166666666666666,
                        8
                    ],
                    "texture": "#0"
                }
            },
            "rotation": {
                "axis": "y",
                "angle": 0,
                "origin": [
                    0,
                    -2.285,
                    0
                ]
            }
        },
        {
            "name": "body3",
            "from": [
                -0.856875,
                -2.85625,
                -0.57125
            ],
            "to": [
                0.856875,
                0,
                0.57125
            ],
            "faces": {
                "west": {
                    "uv": [
                        10.166666666666666,
                        9,
                        10.5,
                        11.5
                    ],
                    "texture": "#0"
                },
                "east": {
                    "uv": [
                        9.333333333333334,
                        9,
                        9.666666666666666,
                        11.5
                    ],
                    "texture": "#0"
                },
                "up": {
                    "uv": [
                        10.166666666666666,
                        9,
                        9.666666666666666,
                        8
                    ],
                    "texture": "#0"
                },
                "south": {
                    "uv": [
                        10.5,
                        9,
                        11,
                        11.5
                    ],
                    "texture": "#0"
                },
                "down": {
                    "uv": [
                        10.666666666666666,
                        8,
                        10.166666666666666,
                        9
                    ],
                    "texture": "#0"
                },
                "north": {
                    "uv": [
                        9.666666666666666,
                        9,
                        10.166666666666666,
                        11.5
                    ],
                    "texture": "#0"
                }
            },
            "rotation": {
                "axis": "y",
                "angle": 0,
                "origin": [
                    0,
                    -2.285,
                    0
                ]
            }
        }
    ],
    "display": {"head": {
        "translation": [
            32,
            25,
            32
        ],
        "scale": [
            4,
            4,
            4
        ]
    }}
}