{
    "groups": [{
        "name": "head2",
        "color": 0,
        "children": [
            0,
            1
        ],
        "origin": [
            0,
            2.285,
            0
        ]
    }],
    "textures": {"0": "dmodels/persoacordando/asdads1"},
    "elements": [{
        "name": "head2",
        "from": [
            -1.428125,
            0.005712499999999878,
            -1.428125
        ],
        "to": [
            1.428125,
            2.8619625,
            1.428125
        ],
        "faces": {
            "west": {
                "uv": [
                    11,
                    2.5,
                    11.833333333333334,
                    5
                ],
                "texture": "#0"
            },
            "east": {
                "uv": [
                    9.333333333333334,
                    2.5,
                    10.166666666666666,
                    5
                ],
                "texture": "#0"
            },
            "up": {
                "uv": [
                    11,
                    2.5,
                    10.166666666666666,
                    0
                ],
                "texture": "#0"
            },
            "south": {
                "uv": [
                    11.833333333333334,
                    2.5,
                    12.666666666666666,
                    5
                ],
                "texture": "#0"
            },
            "down": {
                "uv": [
                    11.833333333333334,
                    0,
                    11,
                    2.5
                ],
                "texture": "#0"
            },
            "north": {
                "uv": [
                    10.166666666666666,
                    2.5,
                    11,
                    5
                ],
                "texture": "#0"
            }
        },
        "rotation": {
            "axis": "y",
            "angle": 0,
            "origin": [
                0,
                -2.285,
                0
            ]
        }
    }],
    "display": {"head": {
        "translation": [
            32,
            25,
            32
        ],
        "scale": [
            4,
            4,
            4
        ]
    }}
}