{
    "groups": [{
        "name": "head",
        "color": 0,
        "children": [
            0,
            1
        ],
        "origin": [
            0,
            13.71,
            0
        ]
    }],
    "textures": {"0": "dmodels/persoacordando/asdads1"},
    "elements": [{
        "name": "head",
        "from": [
            -2.285,
            0,
            -2.285
        ],
        "to": [
            2.285,
            4.57,
            2.285
        ],
        "faces": {
            "west": {
                "uv": [
                    2.6666666666666665,
                    4,
                    4,
                    8
                ],
                "texture": "#0"
            },
            "east": {
                "uv": [
                    0,
                    4,
                    1.3333333333333333,
                    8
                ],
                "texture": "#0"
            },
            "up": {
                "uv": [
                    2.6666666666666665,
                    4,
                    1.3333333333333333,
                    0
                ],
                "texture": "#0"
            },
            "south": {
                "uv": [
                    4,
                    4,
                    5.333333333333333,
                    8
                ],
                "texture": "#0"
            },
            "down": {
                "uv": [
                    4,
                    0,
                    2.6666666666666665,
                    4
                ],
                "texture": "#0"
            },
            "north": {
                "uv": [
                    1.3333333333333333,
                    4,
                    2.6666666666666665,
                    8
                ],
                "texture": "#0"
            }
        },
        "rotation": {
            "axis": "y",
            "angle": 0,
            "origin": [
                0,
                -13.71,
                0
            ]
        }
    }],
    "display": {"head": {
        "translation": [
            32,
            25,
            32
        ],
        "scale": [
            4,
            4,
            4
        ]
    }}
}