{
    "groups": [{
        "name": "leftLeg",
        "color": 0,
        "children": [
            0,
            1
        ],
        "origin": [
            -1.085375,
            6.855,
            0
        ]
    }],
    "textures": {"0": "dmodels/persoacordando/asdads1"},
    "elements": [{
        "name": "leftLeg",
        "from": [
            -1.1425,
            -6.855,
            -1.1425
        ],
        "to": [
            1.1425,
            0,
            1.1425
        ],
        "faces": {
            "west": {
                "uv": [
                    0.6666666666666666,
                    10,
                    0,
                    16
                ],
                "texture": "#0"
            },
            "east": {
                "uv": [
                    2,
                    10,
                    1.3333333333333333,
                    16
                ],
                "texture": "#0"
            },
            "up": {
                "uv": [
                    0.6666666666666666,
                    10,
                    1.3333333333333333,
                    8
                ],
                "texture": "#0"
            },
            "south": {
                "uv": [
                    2.6666666666666665,
                    10,
                    2,
                    16
                ],
                "texture": "#0"
            },
            "down": {
                "uv": [
                    1.3333333333333333,
                    8,
                    2,
                    10
                ],
                "texture": "#0"
            },
            "north": {
                "uv": [
                    1.3333333333333333,
                    10,
                    0.6666666666666666,
                    16
                ],
                "texture": "#0"
            }
        },
        "rotation": {
            "axis": "y",
            "angle": 0,
            "origin": [
                1.085375,
                -6.855,
                0
            ]
        }
    }],
    "display": {"head": {
        "translation": [
            32,
            25,
            32
        ],
        "scale": [
            4,
            4,
            4
        ]
    }}
}