{
    "groups": [{
        "name": "right_wing",
        "color": 0,
        "children": [
            0,
            1
        ],
        "origin": [
            0.285625,
            1.71375,
            0.57125
        ]
    }],
    "textures": {"0": "dmodels/persoacordando/asdads1"},
    "elements": [{
        "name": "right_wing",
        "from": [
            0,
            -2.85625,
            0
        ],
        "to": [
            0,
            0,
            4.57
        ],
        "faces": {
            "west": {
                "uv": [
                    13.333333333333334,
                    11,
                    14.666666666666666,
                    13.5
                ],
                "texture": "#0"
            },
            "east": {
                "uv": [
                    12,
                    11,
                    13.333333333333334,
                    13.5
                ],
                "texture": "#0"
            },
            "up": {
                "uv": [
                    13.333333333333334,
                    11,
                    13.333333333333334,
                    7
                ],
                "texture": "#0"
            },
            "south": {
                "uv": [
                    14.666666666666666,
                    11,
                    14.666666666666666,
                    13.5
                ],
                "texture": "#0"
            },
            "down": {
                "uv": [
                    13.333333333333334,
                    7,
                    13.333333333333334,
                    11
                ],
                "texture": "#0"
            },
            "north": {
                "uv": [
                    13.333333333333334,
                    11,
                    13.333333333333334,
                    13.5
                ],
                "texture": "#0"
            }
        },
        "rotation": {
            "axis": "y",
            "angle": 0,
            "origin": [
                -0.285625,
                -1.71375,
                -0.57125
            ]
        }
    }],
    "display": {"head": {
        "translation": [
            32,
            25,
            32
        ],
        "scale": [
            4,
            4,
            4
        ]
    }}
}