{
    "groups": [{
        "name": "rightArm",
        "color": 0,
        "children": [
            0,
            1
        ],
        "origin": [
            3.4275,
            12.5675,
            0
        ]
    }],
    "textures": {"0": "dmodels/persoacordando/asdads1"},
    "elements": [{
        "name": "rightArm",
        "from": [
            -1.1425,
            -5.7125,
            -1.1425
        ],
        "to": [
            1.1425,
            1.1425,
            1.1425
        ],
        "faces": {
            "west": {
                "uv": [
                    8,
                    10,
                    8.666666666666666,
                    16
                ],
                "texture": "#0"
            },
            "east": {
                "uv": [
                    6.666666666666667,
                    10,
                    7.333333333333333,
                    16
                ],
                "texture": "#0"
            },
            "up": {
                "uv": [
                    8,
                    10,
                    7.333333333333333,
                    8
                ],
                "texture": "#0"
            },
            "south": {
                "uv": [
                    8.666666666666666,
                    10,
                    9.333333333333334,
                    16
                ],
                "texture": "#0"
            },
            "down": {
                "uv": [
                    8.666666666666666,
                    8,
                    8,
                    10
                ],
                "texture": "#0"
            },
            "north": {
                "uv": [
                    7.333333333333333,
                    10,
                    8,
                    16
                ],
                "texture": "#0"
            }
        },
        "rotation": {
            "axis": "y",
            "angle": 0,
            "origin": [
                -3.4275,
                -12.5675,
                0
            ]
        }
    }],
    "display": {"head": {
        "translation": [
            32,
            25,
            32
        ],
        "scale": [
            4,
            4,
            4
        ]
    }}
}