{
    "groups": [{
        "name": "right_arm",
        "color": 0,
        "children": [
            0,
            1
        ],
        "origin": [
            0.9996875000000001,
            1.9993750000000001,
            0
        ]
    }],
    "textures": {"0": "dmodels/persoacordando/asdads1"},
    "elements": [{
        "name": "right_arm",
        "from": [
            -0.1428125,
            -1.9993750000000001,
            -0.57125
        ],
        "to": [
            0.4284375,
            0.285625,
            0.57125
        ],
        "faces": {
            "west": {
                "uv": [
                    13.666666666666666,
                    1,
                    14,
                    3
                ],
                "texture": "#0"
            },
            "east": {
                "uv": [
                    13.166666666666666,
                    1,
                    13.5,
                    3
                ],
                "texture": "#0"
            },
            "up": {
                "uv": [
                    13.666666666666666,
                    1,
                    13.5,
                    0
                ],
                "texture": "#0"
            },
            "south": {
                "uv": [
                    14,
                    1,
                    14.166666666666666,
                    3
                ],
                "texture": "#0"
            },
            "down": {
                "uv": [
                    13.833333333333334,
                    0,
                    13.666666666666666,
                    1
                ],
                "texture": "#0"
            },
            "north": {
                "uv": [
                    13.5,
                    1,
                    13.666666666666666,
                    3
                ],
                "texture": "#0"
            }
        },
        "rotation": {
            "axis": "y",
            "angle": 0,
            "origin": [
                -0.9996875000000001,
                -1.9993750000000001,
                0
            ]
        }
    }],
    "display": {"head": {
        "translation": [
            32,
            25,
            32
        ],
        "scale": [
            4,
            4,
            4
        ]
    }}
}