{
    "textures": {"layer0": "minecraft:item/leather_horse_armor"},
    "parent": "minecraft:item/generated",
    "overrides": [
        {
            "predicate": {"custom_model_data": 1000},
            "model": "item/dmodels/bixo5/hitbox"
        },
        {
            "predicate": {"custom_model_data": 1001},
            "model": "item/dmodels/bixo5/pernadireita"
        },
        {
            "predicate": {"custom_model_data": 1002},
            "model": "item/dmodels/bixo5/pernadireita2"
        },
        {
            "predicate": {"custom_model_data": 1003},
            "model": "item/dmodels/bixo5/pernaesquerda"
        },
        {
            "predicate": {"custom_model_data": 1004},
            "model": "item/dmodels/bixo5/pernaesquerda2"
        },
        {
            "predicate": {"custom_model_data": 1005},
            "model": "item/dmodels/bixo5/tronco"
        },
        {
            "predicate": {"custom_model_data": 1006},
            "model": "item/dmodels/bixo5/bracoesquerdo"
        },
        {
            "predicate": {"custom_model_data": 1007},
            "model": "item/dmodels/bixo5/bracodireito"
        },
        {
            "predicate": {"custom_model_data": 1008},
            "model": "item/dmodels/bixo5/bracoaqua1"
        },
        {
            "predicate": {"custom_model_data": 1009},
            "model": "item/dmodels/bixo5/bracoaqua2"
        },
        {
            "predicate": {"custom_model_data": 1010},
            "model": "item/dmodels/bixo5/bracoaqua3"
        },
        {
            "predicate": {"custom_model_data": 1011},
            "model": "item/dmodels/bixo5/h_cabeca"
        },
        {
            "predicate": {"custom_model_data": 1012},
            "model": "item/dmodels/bixo5/h_chifreA1"
        },
        {
            "predicate": {"custom_model_data": 1013},
            "model": "item/dmodels/bixo5/h_chifreA2"
        },
        {
            "predicate": {"custom_model_data": 1014},
            "model": "item/dmodels/bixo5/h_chifreA3"
        },
        {
            "predicate": {"custom_model_data": 1015},
            "model": "item/dmodels/bixo5/h_chifreB1"
        },
        {
            "predicate": {"custom_model_data": 1016},
            "model": "item/dmodels/bixo5/h_chifreB2"
        },
        {
            "predicate": {"custom_model_data": 1017},
            "model": "item/dmodels/bixo5/h_chifreB3"
        },
        {
            "predicate": {"custom_model_data": 1018},
            "model": "item/dmodels/bixo5/roupa1"
        },
        {
            "predicate": {"custom_model_data": 1019},
            "model": "item/dmodels/passarin/leg1"
        },
        {
            "predicate": {"custom_model_data": 1020},
            "model": "item/dmodels/passarin/leg0"
        },
        {
            "predicate": {"custom_model_data": 1021},
            "model": "item/dmodels/passarin/body"
        },
        {
            "predicate": {"custom_model_data": 1022},
            "model": "item/dmodels/passarin/head"
        },
        {
            "predicate": {"custom_model_data": 1023},
            "model": "item/dmodels/passarin/wing1"
        },
        {
            "predicate": {"custom_model_data": 1024},
            "model": "item/dmodels/passarin/wing0"
        },
        {
            "predicate": {"custom_model_data": 1025},
            "model": "item/dmodels/passarin/tail"
        },
        {
            "predicate": {"custom_model_data": 1026},
            "model": "item/dmodels/passarin/open_terminator"
        },
        {
            "predicate": {"custom_model_data": 1027},
            "model": "item/dmodels/passarin/j"
        },
        {
            "predicate": {"custom_model_data": 1028},
            "model": "item/dmodels/passarin/o"
        },
        {
            "predicate": {"custom_model_data": 1029},
            "model": "item/dmodels/passarin/g"
        },
        {
            "predicate": {"custom_model_data": 1030},
            "model": "item/dmodels/passarin/a"
        },
        {
            "predicate": {"custom_model_data": 1031},
            "model": "item/dmodels/passarin/r"
        },
        {
            "predicate": {"custom_model_data": 1032},
            "model": "item/dmodels/passarin/close_terminator"
        },
        {
            "predicate": {"custom_model_data": 1033},
            "model": "item/dmodels/bixo/cabeca"
        },
        {
            "predicate": {"custom_model_data": 1034},
            "model": "item/dmodels/bixo/cabeca_auto_chifreA1"
        },
        {
            "predicate": {"custom_model_data": 1035},
            "model": "item/dmodels/bixo/cabeca_auto_chifreA2"
        },
        {
            "predicate": {"custom_model_data": 1036},
            "model": "item/dmodels/bixo/cabeca_auto_chifreA3"
        },
        {
            "predicate": {"custom_model_data": 1037},
            "model": "item/dmodels/bixo/cabeca_auto_chifreB1"
        },
        {
            "predicate": {"custom_model_data": 1038},
            "model": "item/dmodels/bixo/cabeca_auto_chifreB2"
        },
        {
            "predicate": {"custom_model_data": 1039},
            "model": "item/dmodels/bixo/cabeca_auto_chifreB3"
        },
        {
            "predicate": {"custom_model_data": 1040},
            "model": "item/dmodels/bixo/tronco"
        },
        {
            "predicate": {"custom_model_data": 1041},
            "model": "item/dmodels/bixo/tronco_auto_tronco1"
        },
        {
            "predicate": {"custom_model_data": 1042},
            "model": "item/dmodels/bixo/bracodireito"
        },
        {
            "predicate": {"custom_model_data": 1043},
            "model": "item/dmodels/bixo/bracodireito_auto_bracodireito1"
        },
        {
            "predicate": {"custom_model_data": 1044},
            "model": "item/dmodels/bixo/bracodireito_auto_bracoaqua1"
        },
        {
            "predicate": {"custom_model_data": 1045},
            "model": "item/dmodels/bixo/bracodireito_auto_bracoaqua22"
        },
        {
            "predicate": {"custom_model_data": 1046},
            "model": "item/dmodels/bixo/bracodireito_auto_bracoaqua2"
        },
        {
            "predicate": {"custom_model_data": 1047},
            "model": "item/dmodels/bixo/bracoesquerdo"
        },
        {
            "predicate": {"custom_model_data": 1048},
            "model": "item/dmodels/bixo/bracoesquerdo_auto_bracoesquerdo1"
        },
        {
            "predicate": {"custom_model_data": 1049},
            "model": "item/dmodels/bixo/pernadireita"
        },
        {
            "predicate": {"custom_model_data": 1050},
            "model": "item/dmodels/bixo/pernadireita_auto_pernadireita1"
        },
        {
            "predicate": {"custom_model_data": 1051},
            "model": "item/dmodels/bixo/pernaesquerda"
        },
        {
            "predicate": {"custom_model_data": 1052},
            "model": "item/dmodels/bixo/pernaesquerda_auto_pernaesquerda1"
        },
        {
            "predicate": {"custom_model_data": 1053},
            "model": "item/dmodels/bixo2/hitbox"
        },
        {
            "predicate": {"custom_model_data": 1054},
            "model": "item/dmodels/bixo2/tronco"
        },
        {
            "predicate": {"custom_model_data": 1055},
            "model": "item/dmodels/bixo2/cabeca"
        },
        {
            "predicate": {"custom_model_data": 1056},
            "model": "item/dmodels/bixo2/cabeca_auto_chifreA1"
        },
        {
            "predicate": {"custom_model_data": 1057},
            "model": "item/dmodels/bixo2/cabeca_auto_chifreB1"
        },
        {
            "predicate": {"custom_model_data": 1058},
            "model": "item/dmodels/bixo2/bracodireito"
        },
        {
            "predicate": {"custom_model_data": 1059},
            "model": "item/dmodels/bixo2/bracoesquerdo"
        },
        {
            "predicate": {"custom_model_data": 1060},
            "model": "item/dmodels/bixo2/pernadireita"
        },
        {
            "predicate": {"custom_model_data": 1061},
            "model": "item/dmodels/bixo2/pernaesquerda"
        },
        {
            "predicate": {"custom_model_data": 1062},
            "model": "item/dmodels/bixo3/hitbox"
        },
        {
            "predicate": {"custom_model_data": 1063},
            "model": "item/dmodels/bixo3/tronco"
        },
        {
            "predicate": {"custom_model_data": 1064},
            "model": "item/dmodels/bixo3/cabeca"
        },
        {
            "predicate": {"custom_model_data": 1065},
            "model": "item/dmodels/bixo3/bracodireito"
        },
        {
            "predicate": {"custom_model_data": 1066},
            "model": "item/dmodels/bixo3/bracoesquerdo"
        },
        {
            "predicate": {"custom_model_data": 1067},
            "model": "item/dmodels/bixo3/pernadireita"
        },
        {
            "predicate": {"custom_model_data": 1068},
            "model": "item/dmodels/bixo3/pernaesquerda"
        },
        {
            "predicate": {"custom_model_data": 1069},
            "model": "item/dmodels/bixo4/hitbox"
        },
        {
            "predicate": {"custom_model_data": 1070},
            "model": "item/dmodels/bixo4/pernadireita"
        },
        {
            "predicate": {"custom_model_data": 1071},
            "model": "item/dmodels/bixo4/pernadireita2"
        },
        {
            "predicate": {"custom_model_data": 1072},
            "model": "item/dmodels/bixo4/pernaesquerda"
        },
        {
            "predicate": {"custom_model_data": 1073},
            "model": "item/dmodels/bixo4/pernaesquerda2"
        },
        {
            "predicate": {"custom_model_data": 1074},
            "model": "item/dmodels/bixo4/tronco"
        },
        {
            "predicate": {"custom_model_data": 1075},
            "model": "item/dmodels/bixo4/bracoesquerdo"
        },
        {
            "predicate": {"custom_model_data": 1076},
            "model": "item/dmodels/bixo4/bracodireito"
        },
        {
            "predicate": {"custom_model_data": 1077},
            "model": "item/dmodels/bixo4/bracoaqua1"
        },
        {
            "predicate": {"custom_model_data": 1078},
            "model": "item/dmodels/bixo4/bracoaqua2"
        },
        {
            "predicate": {"custom_model_data": 1079},
            "model": "item/dmodels/bixo4/bracoaqua3"
        },
        {
            "predicate": {"custom_model_data": 1080},
            "model": "item/dmodels/bixo4/h_cabeca"
        },
        {
            "predicate": {"custom_model_data": 1081},
            "model": "item/dmodels/bixo4/h_chifreA1"
        },
        {
            "predicate": {"custom_model_data": 1082},
            "model": "item/dmodels/bixo4/h_chifreA2"
        },
        {
            "predicate": {"custom_model_data": 1083},
            "model": "item/dmodels/bixo4/h_chifreA3"
        },
        {
            "predicate": {"custom_model_data": 1084},
            "model": "item/dmodels/bixo4/h_chifreB1"
        },
        {
            "predicate": {"custom_model_data": 1085},
            "model": "item/dmodels/bixo4/h_chifreB2"
        },
        {
            "predicate": {"custom_model_data": 1086},
            "model": "item/dmodels/bixo4/h_chifreB3"
        },
        {
            "predicate": {"custom_model_data": 1087},
            "model": "item/dmodels/bixo4/roupa1"
        },
        {
            "predicate": {"custom_model_data": 1088},
            "model": "item/dmodels/cflogo/open_terminator"
        },
        {
            "predicate": {"custom_model_data": 1089},
            "model": "item/dmodels/cflogo/f"
        },
        {
            "predicate": {"custom_model_data": 1090},
            "model": "item/dmodels/cflogo/i"
        },
        {
            "predicate": {"custom_model_data": 1091},
            "model": "item/dmodels/cflogo/g"
        },
        {
            "predicate": {"custom_model_data": 1092},
            "model": "item/dmodels/cflogo/h"
        },
        {
            "predicate": {"custom_model_data": 1093},
            "model": "item/dmodels/cflogo/t"
        },
        {
            "predicate": {"custom_model_data": 1094},
            "model": "item/dmodels/cflogo/close_terminator"
        },
        {
            "predicate": {"custom_model_data": 1095},
            "model": "item/dmodels/cflogo/open_terminator2"
        },
        {
            "predicate": {"custom_model_data": 1096},
            "model": "item/dmodels/cflogo/c"
        },
        {
            "predicate": {"custom_model_data": 1097},
            "model": "item/dmodels/cflogo/a"
        },
        {
            "predicate": {"custom_model_data": 1098},
            "model": "item/dmodels/cflogo/s"
        },
        {
            "predicate": {"custom_model_data": 1099},
            "model": "item/dmodels/cflogo/t2"
        },
        {
            "predicate": {"custom_model_data": 1100},
            "model": "item/dmodels/cflogo/l"
        },
        {
            "predicate": {"custom_model_data": 1101},
            "model": "item/dmodels/cflogo/e"
        },
        {
            "predicate": {"custom_model_data": 1102},
            "model": "item/dmodels/cflogo/close_terminator2"
        },
        {
            "predicate": {"custom_model_data": 1103},
            "model": "item/dmodels/cflogo2/livro"
        },
        {
            "predicate": {"custom_model_data": 1104},
            "model": "item/dmodels/cflogo2/livro_auto_cube2"
        },
        {
            "predicate": {"custom_model_data": 1105},
            "model": "item/dmodels/cflogo2/leg1"
        },
        {
            "predicate": {"custom_model_data": 1106},
            "model": "item/dmodels/cflogo2/leg0"
        },
        {
            "predicate": {"custom_model_data": 1107},
            "model": "item/dmodels/cflogo2/body"
        },
        {
            "predicate": {"custom_model_data": 1108},
            "model": "item/dmodels/cflogo2/head"
        },
        {
            "predicate": {"custom_model_data": 1109},
            "model": "item/dmodels/cflogo2/hat"
        },
        {
            "predicate": {"custom_model_data": 1110},
            "model": "item/dmodels/cflogo2/nose"
        },
        {
            "predicate": {"custom_model_data": 1111},
            "model": "item/dmodels/cflogo2/arms"
        },
        {
            "predicate": {"custom_model_data": 1112},
            "model": "item/dmodels/cflogo2/open_terminator"
        },
        {
            "predicate": {"custom_model_data": 1113},
            "model": "item/dmodels/cflogo2/f"
        },
        {
            "predicate": {"custom_model_data": 1114},
            "model": "item/dmodels/cflogo2/i"
        },
        {
            "predicate": {"custom_model_data": 1115},
            "model": "item/dmodels/cflogo2/g"
        },
        {
            "predicate": {"custom_model_data": 1116},
            "model": "item/dmodels/cflogo2/h"
        },
        {
            "predicate": {"custom_model_data": 1117},
            "model": "item/dmodels/cflogo2/t"
        },
        {
            "predicate": {"custom_model_data": 1118},
            "model": "item/dmodels/cflogo2/close_terminator"
        },
        {
            "predicate": {"custom_model_data": 1119},
            "model": "item/dmodels/cflogo2/open_terminator2"
        },
        {
            "predicate": {"custom_model_data": 1120},
            "model": "item/dmodels/cflogo2/c"
        },
        {
            "predicate": {"custom_model_data": 1121},
            "model": "item/dmodels/cflogo2/a"
        },
        {
            "predicate": {"custom_model_data": 1122},
            "model": "item/dmodels/cflogo2/s"
        },
        {
            "predicate": {"custom_model_data": 1123},
            "model": "item/dmodels/cflogo2/t2"
        },
        {
            "predicate": {"custom_model_data": 1124},
            "model": "item/dmodels/cflogo2/l"
        },
        {
            "predicate": {"custom_model_data": 1125},
            "model": "item/dmodels/cflogo2/e"
        },
        {
            "predicate": {"custom_model_data": 1126},
            "model": "item/dmodels/cflogo2/close_terminator2"
        },
        {
            "predicate": {"custom_model_data": 1127},
            "model": "item/dmodels/model/body"
        },
        {
            "predicate": {"custom_model_data": 1128},
            "model": "item/dmodels/model/head"
        },
        {
            "predicate": {"custom_model_data": 1129},
            "model": "item/dmodels/model/hat"
        },
        {
            "predicate": {"custom_model_data": 1130},
            "model": "item/dmodels/model/nose"
        },
        {
            "predicate": {"custom_model_data": 1131},
            "model": "item/dmodels/model/arms"
        },
        {
            "predicate": {"custom_model_data": 1132},
            "model": "item/dmodels/model/leg0"
        },
        {
            "predicate": {"custom_model_data": 1133},
            "model": "item/dmodels/model/leg1"
        },
        {
            "predicate": {"custom_model_data": 1134},
            "model": "item/dmodels/model/livro"
        },
        {
            "predicate": {"custom_model_data": 1135},
            "model": "item/dmodels/model/livro_auto_cube2"
        },
        {
            "predicate": {"custom_model_data": 1136},
            "model": "item/dmodels/model/livro_auto_cube3"
        },
        {
            "predicate": {"custom_model_data": 1137},
            "model": "item/dmodels/model/livro_auto_cube4"
        },
        {
            "predicate": {"custom_model_data": 1138},
            "model": "item/dmodels/model/livro_auto_cube5"
        },
        {
            "predicate": {"custom_model_data": 1139},
            "model": "item/dmodels/persoacordando/rightLeg"
        },
        {
            "predicate": {"custom_model_data": 1140},
            "model": "item/dmodels/persoacordando/leftLeg"
        },
        {
            "predicate": {"custom_model_data": 1141},
            "model": "item/dmodels/persoacordando/body"
        },
        {
            "predicate": {"custom_model_data": 1142},
            "model": "item/dmodels/persoacordando/head"
        },
        {
            "predicate": {"custom_model_data": 1143},
            "model": "item/dmodels/persoacordando/leftArm"
        },
        {
            "predicate": {"custom_model_data": 1144},
            "model": "item/dmodels/persoacordando/rightArm"
        },
        {
            "predicate": {"custom_model_data": 1145},
            "model": "item/dmodels/persoacordando/head2"
        },
        {
            "predicate": {"custom_model_data": 1146},
            "model": "item/dmodels/persoacordando/body2"
        },
        {
            "predicate": {"custom_model_data": 1147},
            "model": "item/dmodels/persoacordando/right_arm"
        },
        {
            "predicate": {"custom_model_data": 1148},
            "model": "item/dmodels/persoacordando/left_arm"
        },
        {
            "predicate": {"custom_model_data": 1149},
            "model": "item/dmodels/persoacordando/left_wing"
        },
        {
            "predicate": {"custom_model_data": 1150},
            "model": "item/dmodels/persoacordando/right_wing"
        }
    ]
}