{
    "groups": [{
        "name": "close_terminator",
        "color": 0,
        "children": [
            0,
            1,
            2
        ],
        "origin": [
            0,
            2.285,
            0
        ]
    }],
    "textures": {"0": "dmodels/cflogo/castle"},
    "elements": [
        {
            "name": "cube57",
            "from": [
                -18.062925000000003,
                2.479225,
                -1.4167
            ],
            "to": [
                -16.646225,
                3.8959250000000005,
                1.4167
            ],
            "faces": {
                "west": {
                    "uv": [
                        0,
                        0,
                        0,
                        0
                    ],
                    "texture": "#null"
                },
                "east": {
                    "uv": [
                        0,
                        0,
                        0,
                        0
                    ],
                    "texture": "#null"
                },
                "up": {
                    "uv": [
                        14.304,
                        4.1000000000000005,
                        14.176000000000002,
                        3.3000000000000003
                    ],
                    "texture": "#0"
                },
                "south": {
                    "uv": [
                        14.304,
                        4.7,
                        14.176000000000002,
                        5.1000000000000005
                    ],
                    "texture": "#0"
                },
                "down": {
                    "uv": [
                        14.304,
                        6.5,
                        14.176000000000002,
                        5.7
                    ],
                    "texture": "#0"
                },
                "north": {
                    "uv": [
                        14.176000000000002,
                        4.7,
                        14.304,
                        5.1000000000000005
                    ],
                    "texture": "#0"
                }
            },
            "rotation": {
                "axis": "y",
                "angle": 0,
                "origin": [
                    0,
                    0,
                    0
                ]
            }
        },
        {
            "name": "cube58",
            "from": [
                -16.29205,
                4.2501,
                1.7708750000000002
            ],
            "to": [
                -18.4171,
                2.1250499999999994,
                -1.7708750000000002
            ],
            "faces": {
                "west": {
                    "uv": [
                        0,
                        10.600000000000001,
                        0.016,
                        10.65
                    ],
                    "texture": "#0"
                },
                "east": {
                    "uv": [
                        0,
                        10.600000000000001,
                        0.016,
                        10.65
                    ],
                    "texture": "#0"
                },
                "up": {
                    "uv": [
                        0,
                        10.600000000000001,
                        0.016,
                        10.65
                    ],
                    "texture": "#0"
                },
                "south": {
                    "uv": [
                        0,
                        10.600000000000001,
                        0.016,
                        10.65
                    ],
                    "texture": "#0"
                },
                "down": {
                    "uv": [
                        0,
                        10.600000000000001,
                        0.016,
                        10.65
                    ],
                    "texture": "#0"
                },
                "north": {
                    "uv": [
                        0,
                        10.600000000000001,
                        0.016,
                        10.65
                    ],
                    "texture": "#0"
                }
            },
            "rotation": {
                "axis": "y",
                "angle": 0,
                "origin": [
                    0,
                    0,
                    0
                ]
            }
        }
    ],
    "display": {"head": {
        "translation": [
            32,
            25,
            32
        ],
        "scale": [
            4,
            4,
            4
        ]
    }}
}