{
    "groups": [{
        "name": "f",
        "color": 0,
        "children": [
            0,
            1,
            2,
            3,
            4
        ],
        "origin": [
            0,
            2.285,
            0
        ]
    }],
    "textures": {"0": "dmodels/cflogo/castle"},
    "elements": [
        {
            "name": "cube36",
            "from": [
                8.854375000000001,
                0.3541750000000006,
                -1.4167
            ],
            "to": [
                14.521175,
                6.020975,
                1.4167
            ],
            "faces": {
                "west": {
                    "uv": [
                        0,
                        0,
                        0,
                        0
                    ],
                    "texture": "#null"
                },
                "east": {
                    "uv": [
                        0,
                        0,
                        0,
                        0
                    ],
                    "texture": "#null"
                },
                "up": {
                    "uv": [
                        3.776,
                        0.8,
                        3.2640000000000002,
                        0
                    ],
                    "texture": "#0"
                },
                "south": {
                    "uv": [
                        3.776,
                        0.8,
                        3.2640000000000002,
                        2.4000000000000004
                    ],
                    "texture": "#0"
                },
                "down": {
                    "uv": [
                        3.776,
                        3.2,
                        3.2640000000000002,
                        2.4000000000000004
                    ],
                    "texture": "#0"
                },
                "north": {
                    "uv": [
                        3.2640000000000002,
                        0.8,
                        3.776,
                        2.4000000000000004
                    ],
                    "texture": "#0"
                }
            },
            "rotation": {
                "axis": "y",
                "angle": 0,
                "origin": [
                    0,
                    0,
                    0
                ]
            }
        },
        {
            "name": "cube37",
            "from": [
                8.5002,
                2.1250499999999994,
                -1.7708750000000002
            ],
            "to": [
                10.625250000000001,
                4.2501,
                1.7708750000000002
            ],
            "faces": {
                "west": {
                    "uv": [
                        0,
                        0,
                        0,
                        0
                    ],
                    "texture": "#null"
                },
                "east": {
                    "uv": [
                        0,
                        10.600000000000001,
                        0.016,
                        10.65
                    ],
                    "texture": "#0"
                },
                "up": {
                    "uv": [
                        0,
                        10.600000000000001,
                        0.016,
                        10.65
                    ],
                    "texture": "#0"
                },
                "south": {
                    "uv": [
                        0,
                        0,
                        0,
                        0
                    ],
                    "texture": "#null"
                },
                "down": {
                    "uv": [
                        0,
                        0,
                        0,
                        0
                    ],
                    "texture": "#null"
                },
                "north": {
                    "uv": [
                        0,
                        0,
                        0,
                        0
                    ],
                    "texture": "#null"
                }
            },
            "rotation": {
                "axis": "y",
                "angle": 0,
                "origin": [
                    0,
                    0,
                    0
                ]
            }
        },
        {
            "name": "cube38",
            "from": [
                10.625250000000001,
                0,
                -1.7708750000000002
            ],
            "to": [
                12.750300000000001,
                2.1250499999999994,
                1.7708750000000002
            ],
            "faces": {
                "west": {
                    "uv": [
                        0,
                        0,
                        0,
                        0
                    ],
                    "texture": "#null"
                },
                "east": {
                    "uv": [
                        0,
                        10.600000000000001,
                        0.016,
                        10.65
                    ],
                    "texture": "#0"
                },
                "up": {
                    "uv": [
                        0,
                        10.600000000000001,
                        0.016,
                        10.65
                    ],
                    "texture": "#0"
                },
                "south": {
                    "uv": [
                        0,
                        0,
                        0,
                        0
                    ],
                    "texture": "#null"
                },
                "down": {
                    "uv": [
                        0,
                        0,
                        0,
                        0
                    ],
                    "texture": "#null"
                },
                "north": {
                    "uv": [
                        0,
                        0,
                        0,
                        0
                    ],
                    "texture": "#null"
                }
            },
            "rotation": {
                "axis": "y",
                "angle": 0,
                "origin": [
                    0,
                    0,
                    0
                ]
            }
        },
        {
            "name": "cube39",
            "from": [
                14.875350000000001,
                6.3751500000000005,
                1.7708750000000002
            ],
            "to": [
                8.5002,
                0,
                -1.7708750000000002
            ],
            "faces": {
                "west": {
                    "uv": [
                        0,
                        10.600000000000001,
                        0.016,
                        10.65
                    ],
                    "texture": "#0"
                },
                "east": {
                    "uv": [
                        0.496,
                        10.9,
                        0.512,
                        10.600000000000001
                    ],
                    "texture": "#0"
                },
                "up": {
                    "uv": [
                        0.4640000000000001,
                        10.850000000000001,
                        0.512,
                        10.9
                    ],
                    "texture": "#0"
                },
                "south": {
                    "uv": [
                        0.4640000000000001,
                        10.9,
                        0.512,
                        10.600000000000001
                    ],
                    "texture": "#0"
                },
                "down": {
                    "uv": [
                        0,
                        10.600000000000001,
                        0.016,
                        10.65
                    ],
                    "texture": "#0"
                },
                "north": {
                    "uv": [
                        0.512,
                        10.9,
                        0.4640000000000001,
                        10.600000000000001
                    ],
                    "texture": "#0"
                }
            },
            "rotation": {
                "axis": "y",
                "angle": 0,
                "origin": [
                    0,
                    0,
                    0
                ]
            }
        }
    ],
    "display": {"head": {
        "translation": [
            32,
            25,
            32
        ],
        "scale": [
            4,
            4,
            4
        ]
    }}
}