{
    "groups": [{
        "name": "g",
        "color": 0,
        "children": [
            0,
            1,
            2,
            3,
            4,
            5
        ],
        "origin": [
            0,
            2.285,
            0
        ]
    }],
    "textures": {"0": "dmodels/cflogo/castle"},
    "elements": [
        {
            "name": "cube44",
            "from": [
                -1.7708750000000002,
                0.3541750000000006,
                -1.4167
            ],
            "to": [
                3.8959250000000005,
                6.020975,
                1.4167
            ],
            "faces": {
                "west": {
                    "uv": [
                        0,
                        0,
                        0,
                        0
                    ],
                    "texture": "#null"
                },
                "east": {
                    "uv": [
                        0,
                        0,
                        0,
                        0
                    ],
                    "texture": "#null"
                },
                "up": {
                    "uv": [
                        4.32,
                        0.8,
                        3.8079999999999994,
                        0
                    ],
                    "texture": "#0"
                },
                "south": {
                    "uv": [
                        4.32,
                        0.8,
                        3.8079999999999994,
                        2.4000000000000004
                    ],
                    "texture": "#0"
                },
                "down": {
                    "uv": [
                        4.32,
                        3.2,
                        3.8079999999999994,
                        2.4000000000000004
                    ],
                    "texture": "#0"
                },
                "north": {
                    "uv": [
                        3.8079999999999994,
                        0.8,
                        4.32,
                        2.4000000000000004
                    ],
                    "texture": "#0"
                }
            },
            "rotation": {
                "axis": "y",
                "angle": 0,
                "origin": [
                    0,
                    0,
                    0
                ]
            }
        },
        {
            "name": "cube45",
            "from": [
                1.062525,
                2.1250499999999994,
                -1.7708750000000002
            ],
            "to": [
                2.12505,
                4.2501,
                1.7708750000000002
            ],
            "faces": {
                "west": {
                    "uv": [
                        0,
                        10.600000000000001,
                        0.016,
                        10.65
                    ],
                    "texture": "#0"
                },
                "east": {
                    "uv": [
                        0,
                        10.600000000000001,
                        0.016,
                        10.65
                    ],
                    "texture": "#0"
                },
                "up": {
                    "uv": [
                        0,
                        10.600000000000001,
                        0.016,
                        10.65
                    ],
                    "texture": "#0"
                },
                "south": {
                    "uv": [
                        0,
                        0,
                        0,
                        0
                    ],
                    "texture": "#null"
                },
                "down": {
                    "uv": [
                        0,
                        10.600000000000001,
                        0.016,
                        10.65
                    ],
                    "texture": "#0"
                },
                "north": {
                    "uv": [
                        0,
                        0,
                        0,
                        0
                    ],
                    "texture": "#null"
                }
            },
            "rotation": {
                "axis": "y",
                "angle": 0,
                "origin": [
                    0,
                    0,
                    0
                ]
            }
        },
        {
            "name": "cube46",
            "from": [
                3.1875750000000003,
                0,
                -1.7708750000000002
            ],
            "to": [
                4.2501,
                1.0625249999999997,
                1.7708750000000002
            ],
            "faces": {
                "west": {
                    "uv": [
                        0,
                        10.600000000000001,
                        0.016,
                        10.65
                    ],
                    "texture": "#0"
                },
                "east": {
                    "uv": [
                        0,
                        0,
                        0,
                        0
                    ],
                    "texture": "#null"
                },
                "up": {
                    "uv": [
                        0,
                        10.600000000000001,
                        0.016,
                        10.65
                    ],
                    "texture": "#0"
                },
                "south": {
                    "uv": [
                        0,
                        0,
                        0,
                        0
                    ],
                    "texture": "#null"
                },
                "down": {
                    "uv": [
                        0,
                        0,
                        0,
                        0
                    ],
                    "texture": "#null"
                },
                "north": {
                    "uv": [
                        0,
                        0,
                        0,
                        0
                    ],
                    "texture": "#null"
                }
            },
            "rotation": {
                "axis": "y",
                "angle": 0,
                "origin": [
                    0,
                    0,
                    0
                ]
            }
        },
        {
            "name": "cube47",
            "from": [
                3.1875750000000003,
                5.312625000000001,
                -1.7708750000000002
            ],
            "to": [
                4.2501,
                6.3751500000000005,
                1.7708750000000002
            ],
            "faces": {
                "west": {
                    "uv": [
                        0,
                        10.600000000000001,
                        0.016,
                        10.65
                    ],
                    "texture": "#0"
                },
                "east": {
                    "uv": [
                        0,
                        0,
                        0,
                        0
                    ],
                    "texture": "#null"
                },
                "up": {
                    "uv": [
                        0,
                        0,
                        0,
                        0
                    ],
                    "texture": "#null"
                },
                "south": {
                    "uv": [
                        0,
                        0,
                        0,
                        0
                    ],
                    "texture": "#null"
                },
                "down": {
                    "uv": [
                        0,
                        10.600000000000001,
                        0.016,
                        10.65
                    ],
                    "texture": "#0"
                },
                "north": {
                    "uv": [
                        0,
                        0,
                        0,
                        0
                    ],
                    "texture": "#null"
                }
            },
            "rotation": {
                "axis": "y",
                "angle": 0,
                "origin": [
                    0,
                    0,
                    0
                ]
            }
        },
        {
            "name": "cube48",
            "from": [
                4.2501,
                6.3751500000000005,
                1.7708750000000002
            ],
            "to": [
                -2.12505,
                0,
                -1.7708750000000002
            ],
            "faces": {
                "west": {
                    "uv": [
                        0.512,
                        10.9,
                        0.528,
                        10.600000000000001
                    ],
                    "texture": "#0"
                },
                "east": {
                    "uv": [
                        0.592,
                        10.9,
                        0.6080000000000001,
                        10.600000000000001
                    ],
                    "texture": "#0"
                },
                "up": {
                    "uv": [
                        0.512,
                        10.65,
                        0.6080000000000001,
                        10.600000000000001
                    ],
                    "texture": "#0"
                },
                "south": {
                    "uv": [
                        0.512,
                        10.9,
                        0.6080000000000001,
                        10.600000000000001
                    ],
                    "texture": "#0"
                },
                "down": {
                    "uv": [
                        0.512,
                        10.65,
                        0.6080000000000001,
                        10.600000000000001
                    ],
                    "texture": "#0"
                },
                "north": {
                    "uv": [
                        0.6080000000000001,
                        10.9,
                        0.512,
                        10.600000000000001
                    ],
                    "texture": "#0"
                }
            },
            "rotation": {
                "axis": "y",
                "angle": 0,
                "origin": [
                    0,
                    0,
                    0
                ]
            }
        }
    ],
    "display": {"head": {
        "translation": [
            32,
            25,
            32
        ],
        "scale": [
            4,
            4,
            4
        ]
    }}
}