{
    "groups": [{
        "name": "h",
        "color": 0,
        "children": [
            0,
            1,
            2,
            3,
            4
        ],
        "origin": [
            0,
            2.285,
            0
        ]
    }],
    "textures": {"0": "dmodels/cflogo/castle"},
    "elements": [
        {
            "name": "cube49",
            "from": [
                -8.146025,
                0.3541750000000006,
                -1.4167
            ],
            "to": [
                -2.479225,
                6.020975,
                1.4167
            ],
            "faces": {
                "west": {
                    "uv": [
                        0,
                        0,
                        0,
                        0
                    ],
                    "texture": "#null"
                },
                "east": {
                    "uv": [
                        0,
                        0,
                        0,
                        0
                    ],
                    "texture": "#null"
                },
                "up": {
                    "uv": [
                        4.864,
                        0.8,
                        4.352,
                        0
                    ],
                    "texture": "#0"
                },
                "south": {
                    "uv": [
                        4.864,
                        0.8,
                        4.352,
                        2.4000000000000004
                    ],
                    "texture": "#0"
                },
                "down": {
                    "uv": [
                        4.864,
                        3.2,
                        4.352,
                        2.4000000000000004
                    ],
                    "texture": "#0"
                },
                "north": {
                    "uv": [
                        4.352,
                        0.8,
                        4.864,
                        2.4000000000000004
                    ],
                    "texture": "#0"
                }
            },
            "rotation": {
                "axis": "y",
                "angle": 0,
                "origin": [
                    0,
                    0,
                    0
                ]
            }
        },
        {
            "name": "cube50",
            "from": [
                -6.3751500000000005,
                0,
                -1.7708750000000002
            ],
            "to": [
                -4.2501,
                2.1250499999999994,
                1.7708750000000002
            ],
            "faces": {
                "west": {
                    "uv": [
                        0,
                        10.600000000000001,
                        0.016,
                        10.65
                    ],
                    "texture": "#0"
                },
                "east": {
                    "uv": [
                        0,
                        10.600000000000001,
                        0.016,
                        10.65
                    ],
                    "texture": "#0"
                },
                "up": {
                    "uv": [
                        0,
                        10.600000000000001,
                        0.016,
                        10.65
                    ],
                    "texture": "#0"
                },
                "south": {
                    "uv": [
                        0,
                        0,
                        0,
                        0
                    ],
                    "texture": "#null"
                },
                "down": {
                    "uv": [
                        0,
                        0,
                        0,
                        0
                    ],
                    "texture": "#null"
                },
                "north": {
                    "uv": [
                        0,
                        0,
                        0,
                        0
                    ],
                    "texture": "#null"
                }
            },
            "rotation": {
                "axis": "y",
                "angle": 0,
                "origin": [
                    0,
                    0,
                    0
                ]
            }
        },
        {
            "name": "cube51",
            "from": [
                -6.3751500000000005,
                4.2501,
                -1.7708750000000002
            ],
            "to": [
                -4.2501,
                6.3751500000000005,
                1.7708750000000002
            ],
            "faces": {
                "west": {
                    "uv": [
                        0,
                        10.600000000000001,
                        0.016,
                        10.65
                    ],
                    "texture": "#0"
                },
                "east": {
                    "uv": [
                        0,
                        10.600000000000001,
                        0.016,
                        10.65
                    ],
                    "texture": "#0"
                },
                "up": {
                    "uv": [
                        0,
                        0,
                        0,
                        0
                    ],
                    "texture": "#null"
                },
                "south": {
                    "uv": [
                        0,
                        0,
                        0,
                        0
                    ],
                    "texture": "#null"
                },
                "down": {
                    "uv": [
                        0,
                        10.600000000000001,
                        0.016,
                        10.65
                    ],
                    "texture": "#0"
                },
                "north": {
                    "uv": [
                        0,
                        0,
                        0,
                        0
                    ],
                    "texture": "#null"
                }
            },
            "rotation": {
                "axis": "y",
                "angle": 0,
                "origin": [
                    0,
                    0,
                    0
                ]
            }
        },
        {
            "name": "cube52",
            "from": [
                -2.12505,
                6.3751500000000005,
                1.7708750000000002
            ],
            "to": [
                -8.5002,
                0,
                -1.7708750000000002
            ],
            "faces": {
                "west": {
                    "uv": [
                        0,
                        10.600000000000001,
                        0.016,
                        10.65
                    ],
                    "texture": "#0"
                },
                "east": {
                    "uv": [
                        0,
                        10.600000000000001,
                        0.016,
                        10.65
                    ],
                    "texture": "#0"
                },
                "up": {
                    "uv": [
                        0.592,
                        10.65,
                        0.64,
                        10.600000000000001
                    ],
                    "texture": "#0"
                },
                "south": {
                    "uv": [
                        0.592,
                        10.75,
                        0.64,
                        10.600000000000001
                    ],
                    "texture": "#0"
                },
                "down": {
                    "uv": [
                        0.592,
                        10.65,
                        0.64,
                        10.600000000000001
                    ],
                    "texture": "#0"
                },
                "north": {
                    "uv": [
                        0.64,
                        10.75,
                        0.592,
                        10.600000000000001
                    ],
                    "texture": "#0"
                }
            },
            "rotation": {
                "axis": "y",
                "angle": 0,
                "origin": [
                    0,
                    0,
                    0
                ]
            }
        }
    ],
    "display": {"head": {
        "translation": [
            32,
            25,
            32
        ],
        "scale": [
            4,
            4,
            4
        ]
    }}
}