{
    "groups": [{
        "name": "l",
        "color": 0,
        "children": [
            0,
            1,
            2,
            3
        ],
        "origin": [
            0,
            2.285,
            0
        ]
    }],
    "textures": {"0": "dmodels/cflogo/castle"},
    "elements": [
        {
            "name": "cube26",
            "from": [
                -12.396125,
                7.4376750000000005,
                -1.4167
            ],
            "to": [
                -6.729325,
                13.104475,
                1.4167
            ],
            "faces": {
                "west": {
                    "uv": [
                        0,
                        0,
                        0,
                        0
                    ],
                    "texture": "#null"
                },
                "east": {
                    "uv": [
                        0,
                        0,
                        0,
                        0
                    ],
                    "texture": "#null"
                },
                "up": {
                    "uv": [
                        6.848000000000001,
                        0.8,
                        6.336,
                        0
                    ],
                    "texture": "#0"
                },
                "south": {
                    "uv": [
                        6.848000000000001,
                        0.8,
                        6.336,
                        2.4000000000000004
                    ],
                    "texture": "#0"
                },
                "down": {
                    "uv": [
                        6.848000000000001,
                        3.2,
                        6.336,
                        2.4000000000000004
                    ],
                    "texture": "#0"
                },
                "north": {
                    "uv": [
                        6.336,
                        0.8,
                        6.848000000000001,
                        2.4000000000000004
                    ],
                    "texture": "#0"
                }
            },
            "rotation": {
                "axis": "y",
                "angle": 0,
                "origin": [
                    0,
                    0,
                    0
                ]
            }
        },
        {
            "name": "cube27",
            "from": [
                -12.750300000000001,
                9.20855,
                -1.7708750000000002
            ],
            "to": [
                -8.5002,
                13.45865,
                1.7708750000000002
            ],
            "faces": {
                "west": {
                    "uv": [
                        0,
                        0,
                        0,
                        0
                    ],
                    "texture": "#null"
                },
                "east": {
                    "uv": [
                        0,
                        10.600000000000001,
                        0.016,
                        10.65
                    ],
                    "texture": "#0"
                },
                "up": {
                    "uv": [
                        0,
                        0,
                        0,
                        0
                    ],
                    "texture": "#null"
                },
                "south": {
                    "uv": [
                        0,
                        0,
                        0,
                        0
                    ],
                    "texture": "#null"
                },
                "down": {
                    "uv": [
                        0,
                        10.600000000000001,
                        0.016,
                        10.65
                    ],
                    "texture": "#0"
                },
                "north": {
                    "uv": [
                        0,
                        0,
                        0,
                        0
                    ],
                    "texture": "#null"
                }
            },
            "rotation": {
                "axis": "y",
                "angle": 0,
                "origin": [
                    0,
                    0,
                    0
                ]
            }
        },
        {
            "name": "cube28",
            "from": [
                -6.3751500000000005,
                13.45865,
                1.7708750000000002
            ],
            "to": [
                -12.750300000000001,
                7.0835,
                -1.7708750000000002
            ],
            "faces": {
                "west": {
                    "uv": [
                        0,
                        10.600000000000001,
                        0.016,
                        10.65
                    ],
                    "texture": "#0"
                },
                "east": {
                    "uv": [
                        0.912,
                        10.75,
                        0.9280000000000002,
                        10.9
                    ],
                    "texture": "#0"
                },
                "up": {
                    "uv": [
                        0,
                        10.600000000000001,
                        0.016,
                        10.65
                    ],
                    "texture": "#0"
                },
                "south": {
                    "uv": [
                        0.88,
                        10.75,
                        0.9280000000000002,
                        10.9
                    ],
                    "texture": "#0"
                },
                "down": {
                    "uv": [
                        0.88,
                        10.9,
                        0.9280000000000002,
                        10.850000000000001
                    ],
                    "texture": "#0"
                },
                "north": {
                    "uv": [
                        0.9280000000000002,
                        10.75,
                        0.88,
                        10.9
                    ],
                    "texture": "#0"
                }
            },
            "rotation": {
                "axis": "y",
                "angle": 0,
                "origin": [
                    0,
                    0,
                    0
                ]
            }
        }
    ],
    "display": {"head": {
        "translation": [
            32,
            25,
            32
        ],
        "scale": [
            4,
            4,
            4
        ]
    }}
}