{
    "groups": [{
        "name": "open_terminator2",
        "color": 0,
        "children": [
            0,
            1,
            2
        ],
        "origin": [
            0,
            2.285,
            0
        ]
    }],
    "textures": {"0": "dmodels/cflogo/castle"},
    "elements": [
        {
            "name": "cube",
            "from": [
                20.896325,
                9.562725,
                -1.4167
            ],
            "to": [
                22.313025000000003,
                10.979425,
                1.4167
            ],
            "faces": {
                "west": {
                    "uv": [
                        0,
                        0,
                        0,
                        0
                    ],
                    "texture": "#null"
                },
                "east": {
                    "uv": [
                        0,
                        0,
                        0,
                        0
                    ],
                    "texture": "#null"
                },
                "up": {
                    "uv": [
                        14.144,
                        4.1000000000000005,
                        14.016000000000002,
                        3.3000000000000003
                    ],
                    "texture": "#0"
                },
                "south": {
                    "uv": [
                        14.144,
                        4.7,
                        14.016000000000002,
                        5.1000000000000005
                    ],
                    "texture": "#0"
                },
                "down": {
                    "uv": [
                        14.144,
                        6.5,
                        14.016000000000002,
                        5.7
                    ],
                    "texture": "#0"
                },
                "north": {
                    "uv": [
                        14.016000000000002,
                        4.7,
                        14.144,
                        5.1000000000000005
                    ],
                    "texture": "#0"
                }
            },
            "rotation": {
                "axis": "y",
                "angle": 0,
                "origin": [
                    0,
                    0,
                    0
                ]
            }
        },
        {
            "name": "cube2",
            "from": [
                22.6672,
                11.3336,
                1.7708750000000002
            ],
            "to": [
                20.542150000000003,
                9.20855,
                -1.7708750000000002
            ],
            "faces": {
                "west": {
                    "uv": [
                        0,
                        10.600000000000001,
                        0.016,
                        10.65
                    ],
                    "texture": "#0"
                },
                "east": {
                    "uv": [
                        0,
                        10.600000000000001,
                        0.016,
                        10.65
                    ],
                    "texture": "#0"
                },
                "up": {
                    "uv": [
                        0,
                        10.600000000000001,
                        0.016,
                        10.65
                    ],
                    "texture": "#0"
                },
                "south": {
                    "uv": [
                        0,
                        10.600000000000001,
                        0.016,
                        10.65
                    ],
                    "texture": "#0"
                },
                "down": {
                    "uv": [
                        0,
                        10.600000000000001,
                        0.016,
                        10.65
                    ],
                    "texture": "#0"
                },
                "north": {
                    "uv": [
                        0,
                        10.600000000000001,
                        0.016,
                        10.65
                    ],
                    "texture": "#0"
                }
            },
            "rotation": {
                "axis": "y",
                "angle": 0,
                "origin": [
                    0,
                    0,
                    0
                ]
            }
        }
    ],
    "display": {"head": {
        "translation": [
            32,
            25,
            32
        ],
        "scale": [
            4,
            4,
            4
        ]
    }}
}