{
    "groups": [{
        "name": "s",
        "color": 0,
        "children": [
            0,
            1,
            2,
            3,
            4,
            5,
            6
        ],
        "origin": [
            0,
            2.285,
            0
        ]
    }],
    "textures": {"0": "dmodels/cflogo/castle"},
    "elements": [
        {
            "name": "cube16",
            "from": [
                0.354175,
                7.4376750000000005,
                -1.4167
            ],
            "to": [
                6.020975,
                13.104475,
                1.4167
            ],
            "faces": {
                "west": {
                    "uv": [
                        0,
                        0,
                        0,
                        0
                    ],
                    "texture": "#null"
                },
                "east": {
                    "uv": [
                        0,
                        0,
                        0,
                        0
                    ],
                    "texture": "#null"
                },
                "up": {
                    "uv": [
                        10.656000000000002,
                        0.8,
                        10.144,
                        0
                    ],
                    "texture": "#0"
                },
                "south": {
                    "uv": [
                        10.656000000000002,
                        0.8,
                        10.144,
                        2.4000000000000004
                    ],
                    "texture": "#0"
                },
                "down": {
                    "uv": [
                        10.656000000000002,
                        3.2,
                        10.144,
                        2.4000000000000004
                    ],
                    "texture": "#0"
                },
                "north": {
                    "uv": [
                        10.144,
                        0.8,
                        10.656000000000002,
                        2.4000000000000004
                    ],
                    "texture": "#0"
                }
            },
            "rotation": {
                "axis": "y",
                "angle": 0,
                "origin": [
                    0,
                    0,
                    0
                ]
            }
        },
        {
            "name": "cube17",
            "from": [
                0,
                7.0835,
                -1.7708750000000002
            ],
            "to": [
                1.062525,
                8.146025,
                1.7708750000000002
            ],
            "faces": {
                "west": {
                    "uv": [
                        0,
                        0,
                        0,
                        0
                    ],
                    "texture": "#null"
                },
                "east": {
                    "uv": [
                        0,
                        10.600000000000001,
                        0.016,
                        10.65
                    ],
                    "texture": "#0"
                },
                "up": {
                    "uv": [
                        0,
                        10.600000000000001,
                        0.016,
                        10.65
                    ],
                    "texture": "#0"
                },
                "south": {
                    "uv": [
                        0,
                        0,
                        0,
                        0
                    ],
                    "texture": "#null"
                },
                "down": {
                    "uv": [
                        0,
                        0,
                        0,
                        0
                    ],
                    "texture": "#null"
                },
                "north": {
                    "uv": [
                        0,
                        0,
                        0,
                        0
                    ],
                    "texture": "#null"
                }
            },
            "rotation": {
                "axis": "y",
                "angle": 0,
                "origin": [
                    0,
                    0,
                    0
                ]
            }
        },
        {
            "name": "cube18",
            "from": [
                5.312625000000001,
                12.396125,
                -1.7708750000000002
            ],
            "to": [
                6.3751500000000005,
                13.45865,
                1.7708750000000002
            ],
            "faces": {
                "west": {
                    "uv": [
                        0,
                        10.600000000000001,
                        0.016,
                        10.65
                    ],
                    "texture": "#0"
                },
                "east": {
                    "uv": [
                        0,
                        0,
                        0,
                        0
                    ],
                    "texture": "#null"
                },
                "up": {
                    "uv": [
                        0,
                        0,
                        0,
                        0
                    ],
                    "texture": "#null"
                },
                "south": {
                    "uv": [
                        0,
                        0,
                        0,
                        0
                    ],
                    "texture": "#null"
                },
                "down": {
                    "uv": [
                        0,
                        10.600000000000001,
                        0.016,
                        10.65
                    ],
                    "texture": "#0"
                },
                "north": {
                    "uv": [
                        0,
                        0,
                        0,
                        0
                    ],
                    "texture": "#null"
                }
            },
            "rotation": {
                "axis": "y",
                "angle": 0,
                "origin": [
                    0,
                    0,
                    0
                ]
            }
        },
        {
            "name": "cube19",
            "from": [
                5.312625000000001,
                9.20855,
                -1.7708750000000002
            ],
            "to": [
                6.3751500000000005,
                10.271075000000002,
                1.7708750000000002
            ],
            "faces": {
                "west": {
                    "uv": [
                        0,
                        10.600000000000001,
                        0.016,
                        10.65
                    ],
                    "texture": "#0"
                },
                "east": {
                    "uv": [
                        0,
                        0,
                        0,
                        0
                    ],
                    "texture": "#null"
                },
                "up": {
                    "uv": [
                        0,
                        10.600000000000001,
                        0.016,
                        10.65
                    ],
                    "texture": "#0"
                },
                "south": {
                    "uv": [
                        0,
                        0,
                        0,
                        0
                    ],
                    "texture": "#null"
                },
                "down": {
                    "uv": [
                        0,
                        10.600000000000001,
                        0.016,
                        10.65
                    ],
                    "texture": "#0"
                },
                "north": {
                    "uv": [
                        0,
                        0,
                        0,
                        0
                    ],
                    "texture": "#null"
                }
            },
            "rotation": {
                "axis": "y",
                "angle": 0,
                "origin": [
                    0,
                    0,
                    0
                ]
            }
        },
        {
            "name": "cube20",
            "from": [
                0,
                10.271075000000002,
                -1.7708750000000002
            ],
            "to": [
                1.062525,
                11.3336,
                1.7708750000000002
            ],
            "faces": {
                "west": {
                    "uv": [
                        0,
                        0,
                        0,
                        0
                    ],
                    "texture": "#null"
                },
                "east": {
                    "uv": [
                        0,
                        10.600000000000001,
                        0.016,
                        10.65
                    ],
                    "texture": "#0"
                },
                "up": {
                    "uv": [
                        0,
                        10.600000000000001,
                        0.016,
                        10.65
                    ],
                    "texture": "#0"
                },
                "south": {
                    "uv": [
                        0,
                        0,
                        0,
                        0
                    ],
                    "texture": "#null"
                },
                "down": {
                    "uv": [
                        0,
                        10.600000000000001,
                        0.016,
                        10.65
                    ],
                    "texture": "#0"
                },
                "north": {
                    "uv": [
                        0,
                        0,
                        0,
                        0
                    ],
                    "texture": "#null"
                }
            },
            "rotation": {
                "axis": "y",
                "angle": 0,
                "origin": [
                    0,
                    0,
                    0
                ]
            }
        },
        {
            "name": "cube21",
            "from": [
                6.3751500000000005,
                13.45865,
                1.7708750000000002
            ],
            "to": [
                0,
                7.0835,
                -1.7708750000000002
            ],
            "faces": {
                "west": {
                    "uv": [
                        1.408,
                        10.9,
                        1.424,
                        10.600000000000001
                    ],
                    "texture": "#0"
                },
                "east": {
                    "uv": [
                        1.488,
                        10.9,
                        1.504,
                        10.600000000000001
                    ],
                    "texture": "#0"
                },
                "up": {
                    "uv": [
                        1.408,
                        10.850000000000001,
                        1.504,
                        10.9
                    ],
                    "texture": "#0"
                },
                "south": {
                    "uv": [
                        1.408,
                        10.9,
                        1.504,
                        10.600000000000001
                    ],
                    "texture": "#0"
                },
                "down": {
                    "uv": [
                        1.408,
                        10.600000000000001,
                        1.504,
                        10.65
                    ],
                    "texture": "#0"
                },
                "north": {
                    "uv": [
                        1.504,
                        10.9,
                        1.408,
                        10.600000000000001
                    ],
                    "texture": "#0"
                }
            },
            "rotation": {
                "axis": "y",
                "angle": 0,
                "origin": [
                    0,
                    0,
                    0
                ]
            }
        }
    ],
    "display": {"head": {
        "translation": [
            32,
            25,
            32
        ],
        "scale": [
            4,
            4,
            4
        ]
    }}
}